return_id,order_id,prod_id,return_date,return_qty,return_reason,cond_code,refund_amt,restock_fee,return_status,proc_by,rma_num,return_ship_cost,rest_inv_flag
RET000001,ORD001681,PROD00071,2024-10-16,1,,,1121.11,0.0,Completed,James R.,RMA76627,0.0,1
RET000002,ORD006774,PROD00158,2023-03-24,1,Not as Described,C2 - Fair,479.88,0.0,Completed,John D.,RMA75324,9.53,0
RET000003,ORD006499,PROD00273,2024-09-03,1,Not as Described,C1 - Acceptable,947.47,0.0,Exchanged,Maria G.,RMA38520,13.58,0
RET000004,ORD003656,PROD00289,2024-03-12,3,Missing Parts,B1 - Very Good,1644.91,172.22,Refunded,Maria G.,RMA18204,0.0,0
RET000005,ORD006112,PROD00267,2023-03-08,1,Ordered Wrong Item,B2 - Good,278.87,0.0,Completed,Michael B.,RMA86912,0.0,0
RET000006,ORD002359,PROD00420,2024-11-09,2,Incompatible,C2 - Fair,1182.1,0.0,Completed,Sarah L.,RMA61394,0.0,0
RET000007,ORD005252,PROD00059,2024-11-09,3,Ordered Wrong Item,A1 - Like New,1092.15,435.3,Completed,Sarah L.,RMA57400,5.91,1
RET000008,ORD002036,PROD00003,2023-04-26,1,Better Price Found,F1 - Defective,1309.43,0.0,Completed,John D.,RMA94987,9.56,0
RET000009,ORD001922,PROD00371,2024-07-25,1,Defective/Damaged,D2 - Damaged,311.91,0.0,Refunded,James R.,RMA16850,0.0,0
RET000010,ORD001377,PROD00161,2024-10-12,1,Arrived Too Late,C2 - Fair,153.16,0.0,Exchanged,Maria G.,RMA95968,15.87,0
RET000011,ORD005939,PROD00485,2024-08-11,1,Ordered Wrong Item,C2 - Fair,19.42,0.0,Exchanged,John D.,RMA23116,0.0,0
RET000012,ORD007907,PROD00051,2024-08-06,2,Changed Mind,B1 - Very Good,1037.98,0.0,Refunded,Lisa M.,RMA75736,17.7,0
RET000013,ORD002700,PROD00260,2024-11-15,1,Changed Mind,C2 - Fair,149.44,0.0,Exchanged,Patricia A.,RMA26834,0.0,0
RET000014,ORD002676,PROD00035,2024-03-14,1,Duplicate Order,A1 - Like New,0.0,0.0,Refunded,James R.,RMA20612,0.0,0
RET000015,ORD006198,PROD00016,2023-06-16,1,Incompatible,A1 - Like New,405.91,0.0,Refunded,Sarah L.,RMA39003,0.0,0
RET000016,ORD006771,PROD00203,2023-10-30,1,No Longer Needed,D2 - Damaged,331.47,0.0,Refunded,Michael B.,RMA92208,0.0,0
RET000017,ORD006161,PROD00400,2025-02-01,1,Defective/Damaged,,647.36,156.77,Completed,James R.,RMA51776,9.09,0
RET000018,ORD001926,PROD00180,2025-03-30,1,Wrong Item Shipped,F2 - Missing Parts,759.44,88.6,Approved,Lisa M.,RMA60695,0.0,0
RET000019,ORD005689,PROD00067,2024-09-23,1,Incompatible,,558.6,0.0,Completed,Michael B.,RMA85642,12.69,0
RET000020,ORD002664,PROD00045,2024-02-05,1,Missing Parts,F1 - Defective,791.55,112.46,Denied,Sarah L.,RMA92947,14.46,0
RET000021,ORD000350,PROD00032,2025-03-31,1,Duplicate Order,C2 - Fair,607.91,0.0,Received,Maria G.,RMA43423,8.04,0
RET000022,ORD000934,PROD00038,2025-01-01,1,,F1 - Defective,1028.23,0.0,Completed,John D.,RMA31102,0.0,0
RET000023,ORD005121,PROD00328,2023-03-20,1,Defective/Damaged,F2 - Missing Parts,237.44,0.0,Denied,David T.,RMA47234,0.0,0
RET000024,ORD000800,PROD00472,2024-12-12,2,No Longer Needed,B1 - Very Good,1193.22,0.0,Completed,James R.,RMA85715,0.0,1
RET000025,ORD001688,PROD00461,2025-03-31,1,Defective/Damaged,F1 - Defective,946.80061430734,96.05,Approved,Sarah L.,RMA51825,5.45,0
RET000026,ORD006014,PROD00158,2023-06-12,2,Wrong Item Shipped,F1 - Defective,959.76,0.0,Exchanged,John D.,RMA21272,0.0,0
RET000027,ORD002006,PROD00339,2025-03-13,1,Ordered Wrong Item,A1 - Like New,0.0,0.0,Denied,Maria G.,RMA73169,0.0,0
RET000028,ORD001656,PROD00157,2023-12-06,1,Missing Parts,C2 - Fair,428.28,0.0,Completed,Jennifer W.,RMA90484,24.59,0
RET000029,ORD000704,PROD00191,2024-12-24,1,Defective/Damaged,F2 - Missing Parts,215.11,0.0,Completed,Maria G.,RMA34872,12.85,0
RET000030,ORD006646,PROD00300,2025-03-16,1,Duplicate Order,B2 - Good,444.75,150.26,Initiated,John D.,RMA39713,0.0,0
RET000031,ORD003526,PROD00373,2025-03-01,2,Duplicate Order,A2 - Excellent,69.24,0.0,Completed,Jennifer W.,RMA31158,0.0,1
RET000032,ORD004100,PROD00051,2025-02-26,1,Better Price Found,A1 - Like New,518.99,0.0,Denied,Jennifer W.,RMA72514,0.0,0
RET000033,ORD004087,PROD00307,2023-05-15,2,Wrong Item Shipped,F2 - Missing Parts,1146.16,0.0,Denied,Sarah L.,RMA21583,0.0,0
RET000034,ORD001239,PROD00282,2024-02-06,1,Duplicate Order,D1 - Poor,116.86,0.0,Completed,Patricia A.,RMA72850,0.0,0
RET000035,ORD002888,PROD00492,2024-01-13,1,,B2 - Good,426.07,46.37,Completed,David T.,RMA88622,0.0,0
RET000036,ORD003280,PROD00459,2024-12-12,1,Changed Mind,A2 - Excellent,30.82,3.33,Completed,Lisa M.,RMA96086,0.0,1
RET000037,ORD003199,PROD00425,2023-10-10,1,Arrived Too Late,B2 - Good,1199.06,136.41,Refunded,Lisa M.,,0.0,0
RET000038,ORD007898,PROD00271,2025-02-03,1,Not as Described,B1 - Very Good,1326.8,0.0,Refunded,,RMA61870,0.0,0
RET000039,ORD000197,PROD00074,2023-08-09,3,Wrong Item Shipped,C2 - Fair,3756.94,422.32,Denied,Jennifer W.,,0.0,0
RET000040,ORD006957,PROD00148,2025-02-26,1,Not as Described,B2 - Good,0.0,0.0,Refunded,David T.,RMA58608,0.0,0
RET000041,ORD003413,PROD00470,2025-01-14,1,Missing Parts,B1 - Very Good,68.94,0.0,Completed,John D.,RMA42060,0.0,1
RET000042,ORD007720,PROD00292,2023-02-10,1,Missing Parts,B2 - Good,222.49,0.0,Exchanged,David T.,RMA53942,0.0,0
RET000043,ORD001752,PROD00336,2024-05-12,1,Quality Issues,C2 - Fair,232.42,0.0,Denied,Michael B.,RMA23209,0.0,0
RET000044,ORD004292,PROD00056,2025-03-17,1,Quality Issues,D2 - Damaged,443.98,0.0,Received,Sarah L.,RMA89443,16.63,0
RET000045,ORD005269,PROD00422,2024-06-12,1,Changed Mind,F1 - Defective,1220.97,0.0,Completed,Maria G.,RMA68847,0.0,0
RET000046,ORD002151,PROD00299,2024-05-19,1,Duplicate Order,C1 - Acceptable,1465.6,0.0,Completed,,RMA34762,8.99,0
RET000047,ORD002452,PROD00017,2023-02-22,1,Not as Described,B2 - Good,586.93,90.3,Denied,Michael B.,RMA83837,0.0,0
RET000048,ORD004844,PROD00445,2024-11-26,1,Duplicate Order,F2 - Missing Parts,1069.98,0.0,Completed,John D.,RMA98857,0.0,0
RET000049,ORD007427,PROD00058,2023-04-19,1,No Longer Needed,B1 - Very Good,364.4,87.6,Completed,Michael B.,RMA98594,0.0,1
RET000050,ORD003336,PROD00353,2023-04-20,1,Wrong Item Shipped,D1 - Poor,93.32,0.0,Completed,Robert S.,RMA23681,5.72,0
RET000051,ORD000331,PROD00304,2023-04-12,1,Missing Parts,C2 - Fair,763.5,0.0,Denied,,,20.12,0
RET000052,ORD004449,PROD00334,2025-03-26,2,Quality Issues,F1 - Defective,1150.68,0.0,In Transit,Patricia A.,RMA76342,0.0,0
RET000053,ORD001276,PROD00031,2023-06-30,1,,B1 - Very Good,1292.79,0.0,Completed,Jennifer W.,RMA68837,0.0,1
RET000054,ORD003492,PROD00225,2023-10-25,2,Incompatible,A1 - Like New,2338.32,0.0,Refunded,James R.,RMA34355,0.0,0
RET000055,ORD006972,PROD00087,2024-04-30,1,No Longer Needed,A1 - Like New,585.45,0.0,Completed,Robert S.,RMA96709,0.0,1
RET000056,ORD003524,PROD00278,2024-01-31,1,Better Price Found,C2 - Fair,216.63,0.0,Exchanged,Lisa M.,RMA68748,0.0,0
RET000057,ORD007193,PROD00138,2023-05-23,3,Missing Parts,B1 - Very Good,3443.91,0.0,Completed,Patricia A.,RMA89493,0.0,1
RET000058,ORD005992,PROD00223,2024-12-12,1,Incompatible,A1 - Like New,1048.85,0.0,Denied,Michael B.,RMA87137,20.81,0
RET000059,ORD001512,PROD00222,2024-03-31,1,No Longer Needed,B1 - Very Good,1170.21,0.0,Completed,Patricia A.,RMA42643,13.71,1
RET000060,ORD001498,PROD00397,2024-03-16,1,Missing Parts,,1174.57,0.0,Denied,Jennifer W.,RMA30956,22.84,0
RET000061,ORD002769,PROD00373,2023-05-12,2,Changed Mind,B1 - Very Good,55.39,9.94,Exchanged,Patricia A.,RMA20762,0.0,0
RET000062,ORD001831,PROD00038,2024-02-15,1,Duplicate Order,B1 - Very Good,822.58,162.58,Completed,Sarah L.,RMA34111,0.0,1
RET000063,ORD003993,PROD00411,2024-09-24,2,Ordered Wrong Item,D2 - Damaged,2594.82,0.0,Completed,Maria G.,RMA67645,0.0,0
RET000064,ORD007949,PROD00235,2024-06-21,1,Defective/Damaged,,1775.4215743154748,0.0,Completed,Jennifer W.,RMA12902,0.0,1
RET000065,ORD006507,PROD00338,2024-10-31,1,Duplicate Order,C2 - Fair,482.0,0.0,Refunded,Patricia A.,RMA19016,16.06,0
RET000066,ORD003837,PROD00227,2023-06-10,1,Better Price Found,B1 - Very Good,108.1,30.51,Completed,Michael B.,RMA71207,22.27,1
RET000067,ORD005190,PROD00313,2025-03-31,1,Quality Issues,A2 - Excellent,732.02,0.0,In Transit,Patricia A.,RMA39000,0.0,0
RET000068,ORD001432,PROD00441,2023-07-05,1,,D1 - Poor,562.12,223.98,Completed,Sarah L.,RMA49936,0.0,0
RET000069,ORD000153,PROD00016,2024-08-28,1,Duplicate Order,D1 - Poor,405.91,0.0,Completed,Lisa M.,,0.0,0
RET000070,ORD004462,PROD00153,2025-01-29,1,Better Price Found,B2 - Good,393.41,47.69,Completed,Patricia A.,RMA99829,0.0,0
RET000071,ORD005096,PROD00345,2024-04-12,1,Missing Parts,C2 - Fair,476.89,0.0,Completed,James R.,RMA58580,0.0,0
RET000072,ORD005070,PROD00224,2024-12-15,1,Arrived Too Late,C2 - Fair,573.21,50.77,Denied,John D.,,22.49,0
RET000073,ORD003812,PROD00409,2023-05-16,1,Better Price Found,B2 - Good,522.92,0.0,Refunded,Michael B.,RMA16710,14.02,0
RET000074,ORD000014,PROD00440,2024-02-05,1,Changed Mind,F1 - Defective,831.98,0.0,Completed,Robert S.,RMA62174,0.0,0
RET000075,ORD007097,PROD00025,2024-01-12,1,Not as Described,A2 - Excellent,882.56,63.68,Completed,Maria G.,RMA64419,19.66,1
RET000076,ORD004900,PROD00174,2025-03-31,1,Ordered Wrong Item,F2 - Missing Parts,1113.87,271.07,Approved,Patricia A.,RMA51207,0.0,0
RET000077,ORD005669,PROD00154,2024-02-02,1,Changed Mind,F2 - Missing Parts,180.36,0.0,Denied,David T.,RMA49190,0.0,0
RET000078,ORD005165,PROD00395,2025-02-04,1,Missing Parts,A1 - Like New,1267.38,248.34,Completed,Sarah L.,RMA53771,0.0,1
RET000079,ORD007387,PROD00400,2025-03-26,2,,C2 - Fair,2071.57,221.61,Received,James R.,RMA38943,5.07,0
RET000080,ORD003124,PROD00314,2024-09-02,1,Arrived Too Late,B2 - Good,872.42,0.0,Completed,David T.,RMA67910,18.17,0
RET000081,ORD001929,PROD00127,2024-11-30,1,Wrong Item Shipped,D1 - Poor,1002.51,0.0,Denied,Jennifer W.,RMA80481,0.0,0
RET000082,ORD004470,PROD00180,2024-10-30,1,Defective/Damaged,C1 - Acceptable,1518.89,0.0,Denied,Michael B.,RMA90255,0.0,0
RET000083,ORD007982,PROD00420,2024-03-25,1,Changed Mind,C1 - Acceptable,591.05,0.0,Exchanged,Maria G.,RMA87555,0.0,0
RET000084,ORD005621,PROD00082,2023-04-28,2,Missing Parts,B2 - Good,721.0202205646775,0.0,Completed,Robert S.,RMA74205,0.0,0
RET000085,ORD006879,PROD00228,2023-02-12,1,Defective/Damaged,C2 - Fair,1192.89,0.0,Denied,Jennifer W.,RMA29686,0.0,0
RET000086,ORD002740,PROD00227,2025-01-22,1,Not as Described,A2 - Excellent,216.19,0.0,Refunded,Jennifer W.,,14.28,0
RET000087,ORD007734,PROD00164,2024-02-26,1,No Longer Needed,F1 - Defective,561.8380258648608,31.56,Denied,Maria G.,RMA23793,0.0,0
RET000088,ORD007895,PROD00133,2025-03-29,2,Arrived Too Late,A2 - Excellent,1862.67,411.65,Received,Patricia A.,RMA85395,0.0,0
RET000089,ORD002025,PROD00282,2024-03-08,1,Not as Described,F2 - Missing Parts,116.86,0.0,Exchanged,Robert S.,RMA11964,0.0,0
RET000090,ORD007768,PROD00332,2024-05-30,2,Missing Parts,F2 - Missing Parts,387.72,0.0,Completed,David T.,RMA99980,0.0,0
RET000091,ORD007781,PROD00409,2024-05-09,1,,D2 - Damaged,418.34,89.73,Denied,,RMA83532,0.0,0
RET000092,ORD001967,PROD00114,2024-12-22,1,,A1 - Like New,691.37,0.0,Denied,,,24.28,0
RET000093,ORD003335,PROD00019,2024-11-11,1,Missing Parts,A2 - Excellent,471.69,183.3,Completed,John D.,RMA50038,0.0,1
RET000094,ORD007074,PROD00325,2023-08-24,1,Defective/Damaged,B2 - Good,1005.11,76.39,Completed,John D.,RMA97594,10.65,0
RET000095,ORD005241,PROD00413,2025-03-05,2,Arrived Too Late,A2 - Excellent,748.1,0.0,Denied,Maria G.,,0.0,0
RET000096,ORD006929,PROD00154,2024-03-04,1,Changed Mind,F1 - Defective,180.36,0.0,Denied,Robert S.,RMA57232,21.27,0
RET000097,ORD006412,PROD00456,2024-02-23,1,No Longer Needed,D2 - Damaged,542.25,0.0,Denied,Maria G.,RMA37783,0.0,1
RET000098,ORD006669,PROD00195,2024-06-24,2,Not as Described,B2 - Good,1959.52,0.0,Denied,David T.,RMA79994,21.6,0
RET000099,ORD004736,PROD00439,2025-01-04,1,Not as Described,F2 - Missing Parts,1561.04,0.0,Exchanged,Maria G.,RMA84429,0.0,0
RET000100,ORD007011,PROD00066,2024-07-05,1,Changed Mind,B1 - Very Good,474.31,107.22,Completed,Lisa M.,RMA37643,22.22,1
RET000101,ORD005183,PROD00295,2023-11-29,3,Wrong Item Shipped,C1 - Acceptable,470.28,0.0,Completed,Lisa M.,RMA12647,0.0,0
RET000102,ORD000179,PROD00002,2025-02-16,2,No Longer Needed,D1 - Poor,2383.98,0.0,Completed,Lisa M.,RMA35861,0.0,0
RET000103,ORD005468,PROD00151,2025-03-31,1,Wrong Item Shipped,F2 - Missing Parts,75.94,23.35,Initiated,John D.,RMA44500,23.26,1
RET000104,ORD006428,PROD00187,2023-05-17,1,Duplicate Order,A2 - Excellent,126.69,0.0,Completed,Robert S.,,0.0,1
RET000105,ORD003539,PROD00053,2023-09-19,1,Changed Mind,C2 - Fair,1432.66,0.0,Completed,David T.,RMA61884,0.0,0
RET000106,ORD000537,PROD00158,2024-06-25,1,Changed Mind,A1 - Like New,239.94,75.91,Refunded,Lisa M.,RMA26993,0.0,0
RET000107,ORD001238,PROD00245,2024-01-16,1,,F1 - Defective,654.24,133.51,Completed,Jennifer W.,RMA34921,0.0,0
RET000108,ORD000336,PROD00330,2025-03-31,1,No Longer Needed,D2 - Damaged,223.29,0.0,Approved,John D.,,17.48,0
RET000109,ORD000344,PROD00054,2024-11-09,1,Missing Parts,C2 - Fair,0.0,0.0,Exchanged,Maria G.,RMA59348,0.0,0
RET000110,ORD000030,PROD00068,2023-09-24,1,Not as Described,F1 - Defective,535.4,0.0,Exchanged,Jennifer W.,RMA29127,0.0,0
RET000111,ORD004063,PROD00089,2024-03-23,1,Defective/Damaged,F1 - Defective,34.68,11.02,Denied,Maria G.,RMA72398,0.0,0
RET000112,ORD004463,PROD00385,2024-09-12,1,Quality Issues,F2 - Missing Parts,115.8,0.0,Completed,Maria G.,RMA84745,0.0,0
RET000113,ORD001191,PROD00315,2024-12-04,1,Defective/Damaged,D2 - Damaged,1107.08,0.0,Completed,Michael B.,RMA78271,0.0,0
RET000114,ORD007337,PROD00173,2024-08-22,2,No Longer Needed,B1 - Very Good,1962.9531068516437,0.0,Completed,Jennifer W.,RMA19605,11.19,1
RET000115,ORD005391,PROD00095,2023-07-09,1,Incompatible,F1 - Defective,642.67,67.25,Completed,John D.,RMA84041,0.0,0
RET000116,ORD006175,PROD00253,2023-06-10,1,Not as Described,A1 - Like New,689.74,0.0,Completed,Lisa M.,RMA96556,0.0,1
RET000117,ORD005287,PROD00295,2025-02-11,1,Changed Mind,C1 - Acceptable,156.76,0.0,Completed,John D.,RMA60833,24.84,0
RET000118,ORD001258,PROD00368,2024-07-11,1,Better Price Found,A2 - Excellent,438.61,0.0,Exchanged,Lisa M.,RMA88596,9.66,0
RET000119,ORD005426,PROD00241,2024-10-27,1,Arrived Too Late,C1 - Acceptable,1638.42,0.0,Completed,David T.,RMA91622,0.0,0
RET000120,ORD007133,PROD00057,2025-03-16,1,No Longer Needed,B1 - Very Good,0.0,0.0,Approved,John D.,RMA43772,7.52,0
RET000121,ORD001140,PROD00005,2025-01-12,1,Changed Mind,B1 - Very Good,208.19,0.0,Completed,James R.,,17.81,1
RET000122,ORD005819,PROD00288,2024-03-04,1,Incompatible,D2 - Damaged,0.0,0.0,Completed,John D.,RMA32459,0.0,0
RET000123,ORD001974,PROD00199,2024-09-12,2,Missing Parts,D1 - Poor,617.85,241.57,Denied,Jennifer W.,RMA18000,0.0,0
RET000124,ORD002659,PROD00395,2024-07-20,1,Arrived Too Late,C1 - Acceptable,1584.22,0.0,Refunded,,RMA29199,0.0,0
RET000125,ORD000914,PROD00421,2023-09-30,1,Wrong Item Shipped,F2 - Missing Parts,1427.43,0.0,Completed,John D.,RMA76875,0.0,0
RET000126,ORD007375,PROD00056,2024-07-12,1,Not as Described,,355.18,75.01,Denied,James R.,RMA78900,0.0,0
RET000127,ORD002425,PROD00178,2024-04-02,1,No Longer Needed,B1 - Very Good,1630.87,0.0,Completed,John D.,RMA12315,16.81,1
RET000128,ORD002929,PROD00181,2025-03-17,1,Not as Described,D2 - Damaged,1138.58,0.0,Initiated,Patricia A.,RMA83826,20.79,0
RET000129,ORD004294,PROD00325,2023-03-06,1,Defective/Damaged,B1 - Very Good,628.2,147.39,Exchanged,James R.,RMA65926,0.0,0
RET000130,ORD000427,PROD00027,2023-09-20,1,Duplicate Order,D1 - Poor,393.66,0.0,Exchanged,Sarah L.,RMA57219,0.0,0
RET000131,ORD004764,PROD00456,2023-10-26,1,Incompatible,F1 - Defective,542.25,0.0,Completed,Jennifer W.,RMA26017,0.0,0
RET000132,ORD006538,PROD00094,2024-11-16,2,Wrong Item Shipped,B2 - Good,144.1,0.0,Completed,David T.,RMA31242,0.0,0
RET000133,ORD005142,PROD00359,2023-07-08,1,Changed Mind,A1 - Like New,823.68,0.0,Denied,James R.,RMA28728,0.0,0
RET000134,ORD000490,PROD00091,2023-05-05,1,Better Price Found,C1 - Acceptable,294.08,45.11,Exchanged,Lisa M.,RMA10113,0.0,0
RET000135,ORD003282,PROD00103,2024-10-17,1,Changed Mind,D1 - Poor,480.62,60.61,Completed,Patricia A.,RMA72343,11.17,0
RET000136,ORD007524,PROD00262,2024-01-18,1,Duplicate Order,D1 - Poor,0.0,0.0,Refunded,John D.,RMA89067,0.0,0
RET000137,ORD000250,PROD00124,2024-08-03,1,Wrong Item Shipped,B2 - Good,372.74,104.68,Completed,Robert S.,RMA52096,0.0,0
RET000138,ORD003795,PROD00296,2024-06-11,1,Better Price Found,C1 - Acceptable,392.74,111.14,Exchanged,David T.,RMA18350,0.0,0
RET000139,ORD004786,PROD00269,2024-10-30,1,Missing Parts,C2 - Fair,0.0,0.0,Completed,Maria G.,RMA27942,0.0,0
RET000140,ORD005095,PROD00077,2025-03-30,1,Incompatible,A1 - Like New,1316.24,0.0,Received,Patricia A.,RMA30692,14.99,0
RET000141,ORD007670,PROD00124,2025-02-09,1,Defective/Damaged,F2 - Missing Parts,745.48,0.0,Completed,David T.,RMA82343,0.0,0
RET000142,ORD002812,PROD00362,2023-03-09,1,Changed Mind,A2 - Excellent,803.1,142.85,Completed,Jennifer W.,RMA88750,15.6,1
RET000143,ORD005587,PROD00429,2024-08-06,1,Defective/Damaged,C2 - Fair,0.0,0.0,Completed,Patricia A.,RMA46052,0.0,0
RET000144,ORD003827,PROD00178,2025-03-31,1,Incompatible,B1 - Very Good,1630.87,0.0,Initiated,Jennifer W.,RMA75274,18.76,0
RET000145,ORD001593,PROD00087,2023-11-28,3,No Longer Needed,F1 - Defective,1405.08,113.39,Completed,John D.,RMA65382,0.0,0
RET000146,ORD000615,PROD00182,2023-07-08,1,Better Price Found,B1 - Very Good,80.58,0.0,Completed,Michael B.,RMA15873,0.0,1
RET000147,ORD000882,PROD00379,2024-12-28,1,Better Price Found,F2 - Missing Parts,129.79066078846725,9.15,Completed,Michael B.,RMA79923,0.0,0
RET000148,ORD002356,PROD00158,2024-12-07,1,,B1 - Very Good,383.9,37.66,Completed,David T.,RMA64982,0.0,1
RET000149,ORD001670,PROD00321,2024-12-25,1,Incompatible,D1 - Poor,410.09,0.0,Exchanged,Lisa M.,RMA16942,0.0,0
RET000150,ORD002578,PROD00415,2024-04-21,1,Ordered Wrong Item,B1 - Very Good,2170.200850423926,0.0,Completed,James R.,RMA50384,0.0,1
RET000151,ORD007106,PROD00086,2023-11-11,2,Incompatible,F1 - Defective,2584.06,0.0,Refunded,Sarah L.,RMA52825,8.87,0
RET000152,ORD001362,PROD00232,2023-02-02,1,Quality Issues,A1 - Like New,535.68,0.0,Completed,Sarah L.,RMA48937,0.0,1
RET000153,ORD001724,PROD00173,2024-04-19,1,Duplicate Order,A1 - Like New,661.85,0.0,Exchanged,David T.,RMA60758,0.0,0
RET000154,ORD002874,PROD00055,2024-06-17,2,Missing Parts,A2 - Excellent,1964.5,175.62,Completed,Michael B.,RMA35955,0.0,1
RET000155,ORD003177,PROD00254,2024-09-26,1,Incompatible,B2 - Good,587.0,0.0,Completed,Sarah L.,RMA21544,24.19,0
RET000156,ORD003877,PROD00276,2025-03-15,1,Incompatible,F2 - Missing Parts,1145.99,0.0,In Transit,David T.,,0.0,0
RET000157,ORD002379,PROD00407,2023-12-01,1,Quality Issues,A1 - Like New,736.98,145.75,Exchanged,Jennifer W.,RMA98682,0.0,0
RET000158,ORD001678,PROD00326,2023-09-02,2,Changed Mind,C1 - Acceptable,2491.31,159.88,Refunded,Michael B.,RMA59508,5.6,0
RET000159,ORD006888,PROD00457,2024-11-20,1,Quality Issues,D1 - Poor,1332.74,0.0,Exchanged,Michael B.,RMA86797,0.0,0
RET000160,ORD007608,PROD00304,2023-09-20,3,Not as Described,F1 - Defective,2290.5,0.0,Completed,John D.,RMA17760,11.78,0
RET000161,ORD000577,PROD00130,2025-02-14,1,Duplicate Order,B2 - Good,0.0,0.0,Exchanged,Sarah L.,RMA69131,0.0,0
RET000162,ORD000921,PROD00233,2024-06-21,3,No Longer Needed,F2 - Missing Parts,266.18,59.23,Exchanged,David T.,RMA46371,23.18,0
RET000163,ORD006876,PROD00184,2023-08-19,1,Changed Mind,A2 - Excellent,1561.35,0.0,Completed,John D.,RMA44357,20.26,1
RET000164,ORD007205,PROD00414,2024-12-02,2,Arrived Too Late,B1 - Very Good,384.98,113.91,Refunded,Patricia A.,RMA45086,0.0,0
RET000165,ORD001153,PROD00263,2023-05-10,2,Better Price Found,B2 - Good,1470.26,0.0,Completed,John D.,RMA97167,0.0,0
RET000166,ORD004710,PROD00437,2024-10-06,1,Quality Issues,F1 - Defective,198.1,0.0,Completed,Lisa M.,RMA24349,0.0,0
RET000167,ORD006134,PROD00209,2025-02-18,1,Missing Parts,,91.05,0.0,Completed,Michael B.,RMA59369,0.0,0
RET000168,ORD000164,PROD00221,2024-02-02,1,Missing Parts,F2 - Missing Parts,1057.53,0.0,Completed,,RMA35567,0.0,0
RET000169,ORD003354,PROD00285,2024-06-19,2,Ordered Wrong Item,B2 - Good,0.0,0.0,Completed,Robert S.,RMA92560,0.0,0
RET000170,ORD001898,PROD00085,2024-02-20,1,,F2 - Missing Parts,210.5,18.49,Completed,John D.,RMA46079,0.0,0
RET000171,ORD001573,PROD00456,2024-12-18,1,Quality Issues,B2 - Good,271.12,75.47,Refunded,Michael B.,RMA65580,0.0,0
RET000172,ORD001632,PROD00244,2024-01-14,1,Missing Parts,D1 - Poor,537.83,0.0,Refunded,Maria G.,RMA21620,21.05,0
RET000173,ORD001196,PROD00416,2024-11-02,1,Not as Described,B2 - Good,539.44,0.0,Completed,Michael B.,RMA48518,0.0,0
RET000174,ORD001254,PROD00442,2023-03-29,1,Incompatible,C2 - Fair,138.02,0.0,Completed,Lisa M.,RMA52338,17.18,0
RET000175,ORD004589,PROD00327,2025-02-02,1,Arrived Too Late,C1 - Acceptable,194.79,0.0,Completed,David T.,RMA45201,0.0,0
RET000176,ORD006531,PROD00261,2024-10-12,1,Changed Mind,D2 - Damaged,354.68,0.0,Completed,John D.,RMA80550,16.72,0
RET000177,ORD006049,PROD00325,2024-11-04,1,Wrong Item Shipped,A2 - Excellent,1256.39,0.0,Denied,Robert S.,RMA68667,0.0,0
RET000178,ORD005479,PROD00018,2023-03-17,1,Duplicate Order,F1 - Defective,148.95,0.0,Denied,Michael B.,RMA53772,0.0,0
RET000179,ORD006989,PROD00500,2024-09-23,1,No Longer Needed,A1 - Like New,212.08,0.0,Denied,James R.,,24.84,0
RET000180,ORD003990,PROD00494,2024-10-22,1,No Longer Needed,B1 - Very Good,1055.67,0.0,Completed,Lisa M.,RMA84704,0.0,1
RET000181,ORD005630,PROD00135,2023-08-25,1,Quality Issues,C2 - Fair,876.08,0.0,Completed,John D.,RMA22173,0.0,0
RET000182,ORD004808,PROD00308,2024-05-29,1,Missing Parts,A2 - Excellent,291.57,0.0,Completed,Lisa M.,RMA53824,0.0,1
RET000183,ORD003652,PROD00256,2023-09-28,2,Defective/Damaged,,607.04,0.0,Exchanged,Sarah L.,RMA47880,0.0,0
RET000184,ORD003535,PROD00396,2024-02-01,1,Wrong Item Shipped,D1 - Poor,435.61,0.0,Refunded,Michael B.,RMA85818,7.7,0
RET000185,ORD005788,PROD00384,2024-05-23,2,Duplicate Order,D1 - Poor,495.36,107.11,Denied,James R.,RMA17380,0.0,0
RET000186,ORD002311,PROD00271,2024-03-29,1,Incompatible,A1 - Like New,1326.8,0.0,Exchanged,David T.,,5.22,0
RET000187,ORD001638,PROD00013,2024-04-11,1,Not as Described,A2 - Excellent,201.24,40.09,Denied,Robert S.,RMA50181,0.0,0
RET000188,ORD000199,PROD00328,2024-10-08,1,Missing Parts,D2 - Damaged,237.44,0.0,Exchanged,Sarah L.,RMA89221,0.0,0
RET000189,ORD005504,PROD00242,2024-09-09,1,Wrong Item Shipped,F1 - Defective,68.53,0.0,Completed,Robert S.,RMA59299,0.0,0
RET000190,ORD005009,PROD00315,2023-07-07,1,Wrong Item Shipped,A2 - Excellent,1107.08,0.0,Denied,David T.,RMA20341,0.0,0
RET000191,ORD007965,PROD00265,2025-03-31,1,Incompatible,C2 - Fair,245.37,0.0,Received,,RMA39917,15.94,0
RET000192,ORD007072,PROD00484,2025-03-18,1,Changed Mind,,788.98,0.0,Received,,RMA88218,0.0,0
RET000193,ORD003754,PROD00324,2024-10-19,1,Ordered Wrong Item,D1 - Poor,1263.04,0.0,Denied,Jennifer W.,RMA87078,0.0,0
RET000194,ORD001554,PROD00285,2024-02-29,1,Changed Mind,C2 - Fair,58.68,0.0,Denied,Robert S.,RMA47893,24.03,0
RET000195,ORD002438,PROD00340,2024-02-22,1,Wrong Item Shipped,B2 - Good,1367.96,0.0,Refunded,David T.,RMA46372,0.0,0
RET000196,ORD000479,PROD00472,2025-03-31,1,Quality Issues,B2 - Good,596.61,0.0,In Transit,Jennifer W.,RMA90836,0.0,0
RET000197,ORD002257,PROD00170,2025-01-24,1,,C2 - Fair,894.23,191.35,Completed,Lisa M.,RMA91528,12.11,0
RET000198,ORD004863,PROD00247,2024-10-14,2,Missing Parts,F1 - Defective,2738.72,0.0,Refunded,James R.,RMA14762,0.0,0
RET000199,ORD001242,PROD00248,2024-08-28,1,Better Price Found,D1 - Poor,569.29,0.0,Completed,Maria G.,RMA44898,0.0,0
RET000200,ORD007706,PROD00305,2025-03-08,1,Better Price Found,A1 - Like New,217.07,49.89,Completed,James R.,RMA37946,0.0,1
RET000201,ORD004892,PROD00100,2025-03-31,1,Quality Issues,A1 - Like New,124.06,0.0,Initiated,John D.,RMA18381,0.0,0
RET000202,ORD000503,PROD00112,2023-07-27,2,Changed Mind,B2 - Good,1304.02,0.0,Completed,Robert S.,,0.0,0
RET000203,ORD004357,PROD00170,2024-11-25,1,Quality Issues,F1 - Defective,1117.79,0.0,Denied,Robert S.,RMA43332,0.0,1
RET000204,ORD006497,PROD00021,2024-04-18,1,Incompatible,,609.7,0.0,Denied,Robert S.,RMA67380,0.0,0
RET000205,ORD007754,PROD00454,2025-03-31,1,Quality Issues,F1 - Defective,870.71,0.0,Initiated,Sarah L.,RMA83758,0.0,0
RET000206,ORD002641,PROD00046,2023-04-03,1,Better Price Found,D1 - Poor,81.01,0.0,Completed,Sarah L.,RMA33470,10.87,0
RET000207,ORD004137,PROD00141,2024-09-29,1,No Longer Needed,B2 - Good,1028.99,0.0,Completed,Sarah L.,RMA17365,17.87,0
RET000208,ORD006662,PROD00441,2024-04-28,1,Changed Mind,A2 - Excellent,562.12,180.37,Refunded,Michael B.,RMA12620,0.0,0
RET000209,ORD001825,PROD00484,2025-02-04,1,Duplicate Order,F1 - Defective,631.18,140.52,Completed,Maria G.,RMA60511,0.0,0
RET000210,ORD006390,PROD00491,2024-08-14,1,Changed Mind,A2 - Excellent,403.0,0.0,Denied,Lisa M.,RMA51248,0.0,0
RET000211,ORD006761,PROD00162,2023-12-21,2,Changed Mind,B2 - Good,0.0,0.0,Denied,Michael B.,RMA26885,18.59,0
RET000212,ORD002358,PROD00163,2024-07-18,1,Incompatible,F1 - Defective,954.16,0.0,Completed,Jennifer W.,RMA11724,0.0,0
RET000213,ORD000529,PROD00113,2023-06-11,1,Defective/Damaged,B1 - Very Good,1668.6762291271343,0.0,Exchanged,,RMA41787,0.0,0
RET000214,ORD000608,PROD00328,2023-09-27,1,Missing Parts,B1 - Very Good,237.44,0.0,Completed,Jennifer W.,RMA81460,0.0,1
RET000215,ORD007681,PROD00304,2025-02-14,1,Better Price Found,D1 - Poor,763.5,0.0,Completed,Robert S.,RMA42606,0.0,0
RET000216,ORD001814,PROD00029,2024-12-19,1,Missing Parts,C2 - Fair,513.04,63.56,Exchanged,Jennifer W.,RMA17906,0.0,0
RET000217,ORD006028,PROD00042,2024-02-26,1,Changed Mind,B2 - Good,1107.85,0.0,Completed,Lisa M.,RMA25481,6.08,0
RET000218,ORD004529,PROD00032,2024-03-16,1,Better Price Found,C1 - Acceptable,607.91,0.0,Exchanged,Sarah L.,,0.0,0
RET000219,ORD001352,PROD00498,2023-02-01,2,No Longer Needed,C2 - Fair,776.24,0.0,Refunded,,RMA39218,0.0,0
RET000220,ORD000650,PROD00228,2023-05-06,1,Missing Parts,B1 - Very Good,1192.89,0.0,Completed,Michael B.,RMA41348,12.12,1
RET000221,ORD002770,PROD00035,2024-03-07,1,No Longer Needed,C1 - Acceptable,327.68,117.11,Denied,Maria G.,RMA22461,0.0,0
RET000222,ORD007627,PROD00491,2023-03-18,1,Changed Mind,A1 - Like New,604.6880467847503,0.0,Completed,Maria G.,RMA31469,15.8,1
RET000223,ORD000813,PROD00093,2023-10-16,1,Not as Described,C1 - Acceptable,463.89,112.45,Completed,James R.,RMA86910,0.0,0
RET000224,ORD000739,PROD00085,2023-10-01,2,,B1 - Very Good,526.24,0.0,Denied,Maria G.,RMA92774,0.0,0
RET000225,ORD001860,PROD00013,2024-07-06,1,Arrived Too Late,F1 - Defective,402.47,0.0,Exchanged,,RMA30208,0.0,0
RET000226,ORD002693,PROD00361,2024-03-06,3,Changed Mind,B1 - Very Good,181.68,0.0,Completed,David T.,RMA54154,0.0,1
RET000227,ORD004685,PROD00007,2023-10-08,1,Duplicate Order,B1 - Very Good,1200.21,0.0,Completed,Michael B.,RMA10649,0.0,1
RET000228,ORD001279,PROD00280,2023-08-07,1,Ordered Wrong Item,B2 - Good,1253.91,0.0,Refunded,Lisa M.,RMA79420,0.0,0
RET000229,ORD000527,PROD00243,2025-03-09,1,Wrong Item Shipped,F1 - Defective,576.53,0.0,Exchanged,Patricia A.,RMA11929,19.1,0
RET000230,ORD005390,PROD00175,2023-04-18,1,Quality Issues,C2 - Fair,23.25,0.0,Refunded,Patricia A.,RMA82240,0.0,0
RET000231,ORD005993,PROD00499,2024-11-06,1,Quality Issues,C1 - Acceptable,236.72,0.0,Exchanged,David T.,RMA67964,0.0,0
RET000232,ORD002065,PROD00305,2025-03-31,1,,B1 - Very Good,0.0,0.0,In Transit,Jennifer W.,RMA83639,16.02,0
RET000233,ORD001497,PROD00494,2025-01-21,2,Missing Parts,C1 - Acceptable,2111.34,0.0,Refunded,Sarah L.,RMA66852,0.0,0
RET000234,ORD001368,PROD00472,2023-03-22,1,Missing Parts,B1 - Very Good,596.61,0.0,Denied,David T.,RMA70205,0.0,0
RET000235,ORD003673,PROD00490,2023-04-24,1,Wrong Item Shipped,D2 - Damaged,788.04,0.0,Completed,Michael B.,RMA18889,0.0,0
RET000236,ORD001001,PROD00260,2024-11-10,1,Wrong Item Shipped,D1 - Poor,149.44,0.0,Completed,David T.,RMA97201,0.0,0
RET000237,ORD006667,PROD00254,2025-01-03,2,Not as Described,C2 - Fair,587.0,97.07,Completed,Lisa M.,RMA15946,13.34,0
RET000238,ORD002705,PROD00223,2024-01-19,1,Defective/Damaged,F1 - Defective,839.08,145.21,Denied,Robert S.,RMA77624,0.0,0
RET000239,ORD005061,PROD00345,2024-01-07,2,Changed Mind,B2 - Good,953.78,0.0,Refunded,David T.,RMA54047,0.0,0
RET000240,ORD003060,PROD00281,2023-02-12,1,Ordered Wrong Item,D2 - Damaged,327.84,0.0,Completed,David T.,RMA79997,0.0,0
RET000241,ORD004185,PROD00016,2025-03-30,2,Better Price Found,D2 - Damaged,0.0,0.0,Received,John D.,,0.0,0
RET000242,ORD007551,PROD00181,2024-05-05,3,Duplicate Order,F1 - Defective,3415.74,0.0,Completed,Sarah L.,RMA68085,6.43,0
RET000243,ORD006992,PROD00077,2024-06-29,2,Incompatible,C1 - Acceptable,2632.48,0.0,Completed,Jennifer W.,RMA98516,0.0,0
RET000244,ORD006827,PROD00196,2023-03-09,1,Quality Issues,A1 - Like New,1125.44,0.0,Completed,Patricia A.,RMA42645,18.37,1
RET000245,ORD003103,PROD00213,2024-05-15,2,Arrived Too Late,B1 - Very Good,2697.4,0.0,Refunded,Sarah L.,RMA42873,0.0,0
RET000246,ORD002166,PROD00071,2024-01-27,2,Wrong Item Shipped,,2242.22,0.0,Completed,James R.,RMA63545,0.0,0
RET000247,ORD002860,PROD00316,2024-10-28,1,Changed Mind,D2 - Damaged,1216.51,0.0,Completed,David T.,RMA23617,0.0,0
RET000248,ORD003963,PROD00295,2024-07-16,1,,F1 - Defective,156.76,0.0,Exchanged,Sarah L.,RMA52466,0.0,0
RET000249,ORD005010,PROD00271,2023-09-19,1,Quality Issues,C2 - Fair,1326.8,0.0,Denied,Lisa M.,RMA48056,9.63,0
RET000250,ORD004879,PROD00452,2023-08-12,1,Better Price Found,F1 - Defective,1231.52,0.0,Refunded,James R.,RMA91350,17.84,0
RET000251,ORD007235,PROD00387,2025-01-20,2,Not as Described,B2 - Good,507.5,83.57,Exchanged,John D.,,19.02,0
RET000252,ORD006587,PROD00168,2024-08-16,1,Ordered Wrong Item,B1 - Very Good,1276.08,0.0,Completed,James R.,,21.39,1
RET000253,ORD006545,PROD00495,2025-03-16,1,Incompatible,F2 - Missing Parts,1260.63,0.0,Received,Patricia A.,RMA49767,0.0,0
RET000254,ORD004061,PROD00411,2023-08-08,1,Quality Issues,D2 - Damaged,1037.93,151.84,Exchanged,Robert S.,RMA63744,0.0,0
RET000255,ORD004336,PROD00328,2023-11-04,1,Duplicate Order,B2 - Good,118.72,14.68,Completed,David T.,RMA67414,0.0,0
RET000256,ORD004178,PROD00392,2024-05-06,1,Quality Issues,A2 - Excellent,169.08,0.0,Completed,Michael B.,RMA12239,0.0,1
RET000257,ORD002556,PROD00341,2025-01-26,1,Wrong Item Shipped,C2 - Fair,543.51,0.0,Completed,David T.,RMA90577,0.0,0
RET000258,ORD002023,PROD00195,2025-02-28,2,No Longer Needed,A2 - Excellent,1959.52,0.0,Completed,Lisa M.,RMA26216,0.0,1
RET000259,ORD005877,PROD00416,2024-10-28,2,Defective/Damaged,F2 - Missing Parts,1078.88,0.0,Completed,John D.,RMA28329,0.0,0
RET000260,ORD006044,PROD00319,2024-12-31,2,Duplicate Order,F2 - Missing Parts,2097.55,436.28,Exchanged,Michael B.,RMA96006,0.0,0
RET000261,ORD001138,PROD00289,2024-05-13,1,Duplicate Order,D2 - Damaged,685.38,0.0,Completed,David T.,RMA25250,8.24,0
RET000262,ORD002773,PROD00301,2024-10-12,2,Better Price Found,F1 - Defective,513.37,68.15,Completed,Patricia A.,RMA88584,0.0,0
RET000263,ORD007875,PROD00125,2025-03-27,1,Quality Issues,C1 - Acceptable,1257.89,0.0,Initiated,Maria G.,RMA24319,21.35,0
RET000264,ORD003738,PROD00152,2024-02-13,1,Incompatible,F2 - Missing Parts,172.17,0.0,Completed,David T.,RMA48045,12.78,0
RET000265,ORD005141,PROD00142,2025-03-31,1,Wrong Item Shipped,B2 - Good,239.83,0.0,Received,Lisa M.,RMA85529,0.0,0
RET000266,ORD000989,PROD00017,2024-10-26,1,Changed Mind,A1 - Like New,1173.87,0.0,Denied,David T.,RMA39317,0.0,0
RET000267,ORD002919,PROD00062,2024-04-15,2,,,1546.96,0.0,Completed,Lisa M.,RMA93090,22.0,1
RET000268,ORD003012,PROD00380,2024-12-19,1,No Longer Needed,A1 - Like New,199.0,0.0,Completed,Michael B.,RMA36184,0.0,1
RET000269,ORD006859,PROD00378,2024-11-21,1,Duplicate Order,C1 - Acceptable,139.36,0.0,Completed,Patricia A.,RMA41307,18.63,0
RET000270,ORD005760,PROD00104,2024-02-27,1,Incompatible,C1 - Acceptable,1298.16,0.0,Completed,Lisa M.,RMA92210,0.0,0
RET000271,ORD005163,PROD00182,2023-06-05,2,Not as Described,D1 - Poor,161.16,0.0,Completed,Patricia A.,RMA14184,17.13,0
RET000272,ORD006330,PROD00285,2025-03-15,1,,F2 - Missing Parts,58.68,0.0,Exchanged,Lisa M.,RMA83098,0.0,0
RET000273,ORD003085,PROD00450,2025-03-04,1,Ordered Wrong Item,B2 - Good,1633.68,0.0,Denied,Robert S.,RMA16383,0.0,0
RET000274,ORD005521,PROD00363,2024-11-15,1,Wrong Item Shipped,C2 - Fair,84.65,0.0,Completed,Michael B.,RMA29900,0.0,0
RET000275,ORD001049,PROD00097,2024-01-02,1,Wrong Item Shipped,F2 - Missing Parts,903.8,0.0,Refunded,David T.,RMA51286,16.34,0
RET000276,ORD004909,PROD00076,2023-10-03,1,No Longer Needed,D2 - Damaged,1291.93,0.0,Denied,James R.,RMA11671,17.15,0
RET000277,ORD001410,PROD00351,2023-12-17,1,Defective/Damaged,A1 - Like New,719.56,133.0,Exchanged,James R.,RMA41713,0.0,0
RET000278,ORD003665,PROD00354,2025-03-25,1,Defective/Damaged,A1 - Like New,485.04,128.98,Initiated,Lisa M.,RMA43622,0.0,0
RET000279,ORD003307,PROD00251,2024-10-18,1,Incompatible,F2 - Missing Parts,1316.28,277.52,Completed,David T.,,0.0,0
RET000280,ORD000784,PROD00410,2025-01-18,1,Quality Issues,A1 - Like New,1299.47,0.0,Exchanged,Sarah L.,RMA74063,9.88,0
RET000281,ORD004602,PROD00157,2023-05-09,1,Duplicate Order,F2 - Missing Parts,428.28,0.0,Refunded,John D.,RMA22623,9.2,0
RET000282,ORD004295,PROD00345,2023-08-01,1,Defective/Damaged,A1 - Like New,476.89,0.0,Completed,Maria G.,RMA39782,0.0,1
RET000283,ORD004976,PROD00257,2024-10-26,3,Incompatible,F2 - Missing Parts,740.61,0.0,Exchanged,Maria G.,RMA98892,0.0,0
RET000284,ORD002165,PROD00173,2025-02-15,1,,F2 - Missing Parts,661.85,0.0,Completed,James R.,RMA40628,0.0,0
RET000285,ORD003246,PROD00051,2023-01-20,1,Better Price Found,B2 - Good,415.19,68.24,Refunded,David T.,RMA48663,8.22,0
RET000286,ORD003847,PROD00435,2023-04-17,1,Defective/Damaged,F1 - Defective,163.62,29.45,Denied,,RMA12719,0.0,0
RET000287,ORD002192,PROD00045,2025-02-12,1,Missing Parts,A1 - Like New,989.44,0.0,Completed,Jennifer W.,RMA67033,11.02,1
RET000288,ORD006621,PROD00213,2024-08-14,1,Changed Mind,D1 - Poor,0.0,0.0,Refunded,,,0.0,0
RET000289,ORD007347,PROD00197,2025-02-22,1,Incompatible,F1 - Defective,95.31,0.0,Refunded,John D.,RMA28309,0.0,0
RET000290,ORD000886,PROD00416,2024-11-13,1,,F2 - Missing Parts,539.44,0.0,Completed,David T.,RMA79224,17.07,0
RET000291,ORD000744,PROD00224,2023-08-19,1,Changed Mind,F2 - Missing Parts,1035.6295251318866,0.0,Completed,Robert S.,RMA89952,0.0,0
RET000292,ORD006623,PROD00361,2023-12-08,1,Missing Parts,D1 - Poor,60.56,0.0,Denied,,RMA11287,8.8,0
RET000293,ORD000027,PROD00252,2024-11-19,2,Not as Described,F2 - Missing Parts,0.0,0.0,Refunded,Patricia A.,RMA68338,0.0,1
RET000294,ORD001331,PROD00386,2025-02-15,2,Arrived Too Late,F1 - Defective,0.0,0.0,Denied,James R.,RMA35018,11.87,0
RET000295,ORD004035,PROD00272,2023-06-14,1,No Longer Needed,A2 - Excellent,609.56,0.0,Completed,Patricia A.,RMA48288,24.29,1
RET000296,ORD005016,PROD00385,2025-03-11,2,Quality Issues,D2 - Damaged,231.6,0.0,Refunded,James R.,RMA34417,0.0,0
RET000297,ORD006163,PROD00172,2023-07-25,2,No Longer Needed,F2 - Missing Parts,1499.71,129.9,Exchanged,John D.,RMA28814,0.0,0
RET000298,ORD001917,PROD00124,2024-10-03,1,Wrong Item Shipped,A1 - Like New,745.48,0.0,Completed,Lisa M.,RMA15371,0.0,1
RET000299,ORD002855,PROD00217,2024-02-23,1,Quality Issues,B2 - Good,614.36,111.05,Exchanged,,RMA69802,17.11,0
RET000300,ORD003727,PROD00417,2025-02-22,1,Defective/Damaged,F2 - Missing Parts,465.84,61.01,Denied,,RMA99015,0.0,0
RET000301,ORD003580,PROD00205,2025-01-21,1,Ordered Wrong Item,A2 - Excellent,243.52,50.28,Exchanged,James R.,RMA49742,0.0,0
RET000302,ORD007290,PROD00166,2024-07-09,1,Not as Described,C2 - Fair,604.83,0.0,Refunded,Sarah L.,RMA82187,15.13,0
RET000303,ORD001953,PROD00496,2025-01-01,3,,A1 - Like New,659.26,85.52,Refunded,Robert S.,RMA63710,6.63,0
RET000304,ORD003467,PROD00270,2024-06-29,1,No Longer Needed,A1 - Like New,1061.99,0.0,Completed,Michael B.,RMA44075,19.25,1
RET000305,ORD002145,PROD00378,2025-02-21,1,Ordered Wrong Item,A1 - Like New,0.0,0.0,Completed,Jennifer W.,RMA44955,0.0,1
RET000306,ORD003782,PROD00195,2025-02-22,1,Changed Mind,B1 - Very Good,979.76,0.0,Received,Jennifer W.,RMA36496,19.16,0
RET000307,ORD004148,PROD00039,2023-09-27,1,Wrong Item Shipped,A2 - Excellent,814.55,0.0,Completed,Jennifer W.,RMA18691,0.0,1
RET000308,ORD005740,PROD00420,2024-12-02,1,Defective/Damaged,C1 - Acceptable,591.05,0.0,Denied,Robert S.,RMA13567,0.0,0
RET000309,ORD007588,PROD00139,2023-05-24,1,Ordered Wrong Item,F1 - Defective,780.57,0.0,Refunded,Robert S.,RMA41136,23.06,0
RET000310,ORD005250,PROD00418,2023-11-22,1,Better Price Found,B2 - Good,545.91,0.0,Exchanged,Robert S.,RMA54642,0.0,0
RET000311,ORD000552,PROD00281,2025-03-19,1,Ordered Wrong Item,A2 - Excellent,327.84,0.0,In Transit,David T.,RMA33379,0.0,0
RET000312,ORD002891,PROD00377,2025-02-22,1,Duplicate Order,F2 - Missing Parts,542.55,130.26,Completed,John D.,RMA21697,12.77,0
RET000313,ORD006555,PROD00204,2024-11-30,1,Duplicate Order,A1 - Like New,476.78,0.0,Completed,James R.,RMA96380,7.7,1
RET000314,ORD000135,PROD00133,2024-03-23,1,Not as Described,F1 - Defective,2164.336252220893,0.0,Exchanged,Michael B.,RMA39387,0.0,0
RET000315,ORD005653,PROD00356,2024-11-17,1,Not as Described,C2 - Fair,388.41,0.0,Exchanged,James R.,RMA63837,16.42,0
RET000316,ORD004152,PROD00155,2023-09-25,1,Changed Mind,C1 - Acceptable,1230.12,0.0,Denied,David T.,,0.0,0
RET000317,ORD007282,PROD00070,2025-01-18,1,Defective/Damaged,B1 - Very Good,433.97,90.21,Exchanged,Sarah L.,RMA54139,0.0,0
RET000318,ORD003418,PROD00209,2025-03-17,1,Better Price Found,C1 - Acceptable,91.05,0.0,Initiated,Jennifer W.,RMA64687,0.0,0
RET000319,ORD007554,PROD00126,2023-10-14,1,Incompatible,F2 - Missing Parts,338.68,0.0,Completed,Jennifer W.,RMA93773,0.0,1
RET000320,ORD004189,PROD00038,2023-12-05,1,Defective/Damaged,C2 - Fair,1028.23,0.0,Completed,Maria G.,RMA91260,8.15,0
RET000321,ORD004502,PROD00175,2024-07-20,1,Quality Issues,F2 - Missing Parts,23.25,0.0,Exchanged,Lisa M.,RMA31522,13.17,0
RET000322,ORD001983,PROD00234,2024-05-07,1,Duplicate Order,A1 - Like New,875.34,192.63,Denied,Jennifer W.,RMA64659,0.0,0
RET000323,ORD006547,PROD00454,2024-09-14,2,Incompatible,C1 - Acceptable,1741.42,0.0,Completed,Maria G.,RMA89591,0.0,0
RET000324,ORD000782,PROD00097,2024-06-17,1,Duplicate Order,D2 - Damaged,903.8,0.0,Completed,Jennifer W.,RMA43949,0.0,0
RET000325,ORD005490,PROD00391,2023-01-23,1,Not as Described,B2 - Good,1139.26,0.0,Completed,Lisa M.,RMA93574,0.0,0
RET000326,ORD005236,PROD00262,2024-02-13,1,Wrong Item Shipped,C1 - Acceptable,0.0,0.0,Denied,David T.,RMA20599,0.0,0
RET000327,ORD002837,PROD00028,2025-02-18,1,Wrong Item Shipped,A1 - Like New,391.94,67.77,Denied,Robert S.,RMA35371,0.0,0
RET000328,ORD004794,PROD00481,2023-10-22,2,,A2 - Excellent,1218.74,399.94,Completed,Robert S.,RMA55972,0.0,1
RET000329,ORD001212,PROD00486,2025-01-06,1,Changed Mind,F2 - Missing Parts,1230.98,0.0,Completed,James R.,RMA54013,0.0,0
RET000330,ORD000517,PROD00094,2023-12-13,3,Quality Issues,D2 - Damaged,108.07,15.41,Completed,Robert S.,RMA28008,0.0,0
RET000331,ORD005616,PROD00358,2023-02-22,1,Quality Issues,D2 - Damaged,488.46,0.0,Denied,Jennifer W.,RMA39276,0.0,0
RET000332,ORD007998,PROD00189,2024-10-12,1,Changed Mind,D2 - Damaged,629.64,0.0,Refunded,Jennifer W.,RMA38215,0.0,0
RET000333,ORD003611,PROD00136,2025-02-02,1,Better Price Found,A2 - Excellent,429.73,0.0,Denied,,RMA19107,0.0,0
RET000334,ORD002742,PROD00156,2023-09-06,1,Better Price Found,B1 - Very Good,1013.39,0.0,Completed,Jennifer W.,RMA58532,0.0,1
RET000335,ORD002619,PROD00393,2023-08-25,1,Missing Parts,A2 - Excellent,18.03,0.0,Completed,Sarah L.,RMA69924,0.0,1
RET000336,ORD000316,PROD00196,2024-10-03,1,No Longer Needed,D1 - Poor,1125.44,0.0,Exchanged,John D.,RMA17260,0.0,0
RET000337,ORD004620,PROD00480,2024-03-31,1,Better Price Found,C2 - Fair,191.46,0.0,Completed,David T.,RMA13147,0.0,0
RET000338,ORD007890,PROD00170,2024-02-08,1,Missing Parts,A1 - Like New,1117.79,0.0,Completed,David T.,RMA84863,0.0,1
RET000339,ORD007466,PROD00205,2025-01-22,2,Incompatible,F2 - Missing Parts,974.06,0.0,Completed,Lisa M.,RMA92409,0.0,0
RET000340,ORD000867,PROD00013,2024-06-27,1,Better Price Found,A2 - Excellent,201.24,35.51,Completed,Michael B.,RMA87077,0.0,1
RET000341,ORD006013,PROD00347,2025-02-22,1,Wrong Item Shipped,B1 - Very Good,968.85,64.44,Denied,Maria G.,RMA66588,0.0,0
RET000342,ORD000358,PROD00420,2024-11-20,1,Wrong Item Shipped,F2 - Missing Parts,591.05,0.0,Exchanged,Robert S.,RMA42474,0.0,0
RET000343,ORD004488,PROD00049,2023-07-08,1,Quality Issues,A1 - Like New,741.63,0.0,Completed,Maria G.,RMA41345,0.0,1
RET000344,ORD001104,PROD00306,2023-10-28,1,Duplicate Order,C2 - Fair,525.87,0.0,Refunded,David T.,RMA98834,21.76,0
RET000345,ORD002075,PROD00203,2024-10-02,1,Arrived Too Late,B2 - Good,331.47,0.0,Completed,Jennifer W.,RMA29273,7.04,0
RET000346,ORD002158,PROD00307,2023-11-19,1,Quality Issues,D1 - Poor,544.6547278724526,101.82,Completed,Sarah L.,,0.0,0
RET000347,ORD004768,PROD00326,2024-03-30,1,Ordered Wrong Item,A1 - Like New,1557.07,0.0,Completed,Lisa M.,RMA22136,0.0,1
RET000348,ORD001309,PROD00341,2025-01-08,1,Missing Parts,D1 - Poor,543.51,0.0,Completed,Sarah L.,RMA33725,19.88,0
RET000349,ORD000343,PROD00375,2025-03-06,1,Defective/Damaged,B1 - Very Good,1194.45,0.0,Completed,Jennifer W.,RMA40936,0.0,1
RET000350,ORD004501,PROD00032,2024-05-14,1,Duplicate Order,F2 - Missing Parts,607.91,0.0,Exchanged,Michael B.,,0.0,0
RET000351,ORD001383,PROD00079,2025-01-10,1,Wrong Item Shipped,D1 - Poor,80.91,0.0,Denied,Jennifer W.,RMA11498,0.0,0
RET000352,ORD002809,PROD00355,2023-11-20,2,Not as Described,B2 - Good,1405.2555960633417,0.0,Completed,Robert S.,RMA49922,0.0,0
RET000353,ORD005915,PROD00074,2023-03-18,1,No Longer Needed,F1 - Defective,1252.31,141.65,Completed,Jennifer W.,RMA72239,13.47,0
RET000354,ORD001311,PROD00269,2023-03-06,1,Quality Issues,D2 - Damaged,1161.1,0.0,Refunded,Sarah L.,RMA86922,24.29,0
RET000355,ORD005692,PROD00201,2025-01-18,1,Arrived Too Late,B1 - Very Good,519.1,0.0,Completed,John D.,RMA10712,9.01,1
RET000356,ORD003386,PROD00399,2024-09-18,1,Changed Mind,C1 - Acceptable,320.0,0.0,Completed,Robert S.,RMA12752,12.84,0
RET000357,ORD000862,PROD00229,2024-05-17,1,Defective/Damaged,F1 - Defective,1427.72,0.0,Refunded,Jennifer W.,RMA87813,13.47,0
RET000358,ORD000456,PROD00187,2023-12-25,2,Not as Described,F1 - Defective,253.38,0.0,Completed,John D.,RMA36943,13.26,0
RET000359,ORD007967,PROD00313,2024-11-16,1,No Longer Needed,D2 - Damaged,366.01,39.96,Denied,John D.,RMA92864,16.99,0
RET000360,ORD006132,PROD00396,2024-04-26,1,Quality Issues,D1 - Poor,435.61,0.0,Exchanged,Robert S.,RMA67490,0.0,0
RET000361,ORD002563,PROD00116,2024-04-19,2,Changed Mind,C2 - Fair,1902.0,0.0,Exchanged,Patricia A.,RMA38938,9.32,0
RET000362,ORD005531,PROD00291,2025-03-13,1,Incompatible,F2 - Missing Parts,843.05,0.0,Completed,Michael B.,RMA24123,0.0,0
RET000363,ORD006352,PROD00382,2024-11-09,1,Not as Described,C1 - Acceptable,509.44,94.49,Completed,Lisa M.,RMA98958,9.09,0
RET000364,ORD001308,PROD00069,2025-03-31,2,Arrived Too Late,A2 - Excellent,950.14,0.0,Received,John D.,RMA24234,0.0,0
RET000365,ORD003854,PROD00133,2025-02-26,1,Changed Mind,C2 - Fair,1164.17,0.0,Completed,David T.,RMA40172,0.0,0
RET000366,ORD005925,PROD00262,2023-05-20,1,Better Price Found,A1 - Like New,50.8,0.0,Refunded,James R.,RMA34051,8.98,0
RET000367,ORD004932,PROD00186,2025-02-02,3,Better Price Found,A2 - Excellent,2209.95,0.0,Completed,Michael B.,RMA20998,0.0,1
RET000368,ORD007599,PROD00152,2025-02-21,1,Changed Mind,D2 - Damaged,172.17,0.0,Refunded,Robert S.,RMA66556,0.0,0
RET000369,ORD001346,PROD00192,2025-02-08,1,Ordered Wrong Item,D1 - Poor,1025.51,0.0,Refunded,Robert S.,RMA89057,7.26,0
RET000370,ORD001808,PROD00321,2023-03-03,1,Duplicate Order,A2 - Excellent,410.09,0.0,Refunded,Sarah L.,RMA47632,0.0,0
RET000371,ORD001553,PROD00393,2023-04-06,3,Wrong Item Shipped,C1 - Acceptable,54.09,0.0,Exchanged,Michael B.,RMA94713,9.07,0
RET000372,ORD005738,PROD00141,2024-03-21,1,Quality Issues,D2 - Damaged,1028.99,0.0,Denied,Michael B.,RMA16919,0.0,0
RET000373,ORD007972,PROD00166,2025-01-26,1,Defective/Damaged,D2 - Damaged,604.83,0.0,Refunded,Patricia A.,RMA87196,0.0,0
RET000374,ORD003781,PROD00292,2024-02-01,2,Arrived Too Late,A1 - Like New,584.9530915620041,0.0,Exchanged,Michael B.,RMA91331,20.41,0
RET000375,ORD005793,PROD00145,2024-10-02,1,Wrong Item Shipped,F1 - Defective,724.24,103.21,Completed,Patricia A.,RMA98778,0.0,0
RET000376,ORD000100,PROD00435,2023-02-23,2,Arrived Too Late,A2 - Excellent,687.8135499260735,98.21,Denied,Maria G.,RMA97899,0.0,0
RET000377,ORD001427,PROD00387,2023-04-04,1,Defective/Damaged,D2 - Damaged,507.5,0.0,Completed,Jennifer W.,RMA93669,19.46,0
RET000378,ORD005364,PROD00260,2024-05-12,1,Ordered Wrong Item,F1 - Defective,0.0,0.0,Exchanged,David T.,RMA41267,0.0,0
RET000379,ORD000247,PROD00494,2024-04-24,1,Missing Parts,D2 - Damaged,1055.67,0.0,Refunded,John D.,RMA64117,13.81,0
RET000380,ORD002335,PROD00029,2024-03-23,1,Defective/Damaged,F1 - Defective,1026.08,0.0,Exchanged,Maria G.,RMA22645,0.0,0
RET000381,ORD006897,PROD00068,2024-10-15,1,Ordered Wrong Item,B1 - Very Good,267.7,85.29,Denied,Michael B.,RMA20082,19.5,0
RET000382,ORD003033,PROD00198,2025-03-30,3,Better Price Found,B1 - Very Good,3087.41,203.35,In Transit,Maria G.,RMA99236,0.0,0
RET000383,ORD006927,PROD00414,2024-02-03,1,Ordered Wrong Item,A2 - Excellent,307.98,63.45,Completed,Robert S.,RMA71046,0.0,1
RET000384,ORD001069,PROD00091,2025-03-31,1,Changed Mind,B2 - Good,588.15,0.0,In Transit,James R.,RMA92876,0.0,0
RET000385,ORD005678,PROD00136,2023-10-07,1,Quality Issues,D2 - Damaged,429.73,0.0,Completed,Robert S.,RMA87803,0.0,0
RET000386,ORD001160,PROD00076,2024-10-24,1,Arrived Too Late,D2 - Damaged,1033.54,226.94,Completed,,RMA68719,0.0,0
RET000387,ORD007645,PROD00066,2024-04-15,1,Duplicate Order,F1 - Defective,592.89,0.0,Completed,David T.,RMA13495,0.0,0
RET000388,ORD002923,PROD00328,2025-03-31,1,Quality Issues,A1 - Like New,421.2750942886058,0.0,Received,Jennifer W.,RMA21681,20.75,0
RET000389,ORD003290,PROD00215,2024-11-01,1,Better Price Found,A1 - Like New,853.89,0.0,Exchanged,James R.,RMA31080,0.0,0
RET000390,ORD003303,PROD00492,2024-08-06,1,Wrong Item Shipped,D1 - Poor,852.14,0.0,Exchanged,Patricia A.,RMA31709,0.0,0
RET000391,ORD002895,PROD00405,2024-10-20,1,Wrong Item Shipped,F1 - Defective,852.84,0.0,Exchanged,Sarah L.,RMA96685,0.0,0
RET000392,ORD006438,PROD00075,2024-01-18,1,,A2 - Excellent,1023.81,0.0,Completed,Robert S.,RMA55066,0.0,1
RET000393,ORD006577,PROD00354,2024-10-07,1,No Longer Needed,F2 - Missing Parts,776.06,99.67,Exchanged,Lisa M.,RMA70564,0.0,0
RET000394,ORD004318,PROD00435,2024-02-22,1,Quality Issues,D2 - Damaged,0.0,0.0,Refunded,Lisa M.,RMA31331,0.0,0
RET000395,ORD001660,PROD00216,2023-02-14,1,,B2 - Good,1016.82,0.0,Completed,Sarah L.,RMA32380,0.0,0
RET000396,ORD005291,PROD00090,2023-10-12,2,Changed Mind,D1 - Poor,496.38,0.0,Completed,David T.,RMA46826,18.32,0
RET000397,ORD000087,PROD00483,2024-08-20,1,Wrong Item Shipped,B2 - Good,497.56,67.45,Completed,David T.,RMA48252,0.0,0
RET000398,ORD000306,PROD00424,2024-11-20,1,Quality Issues,F1 - Defective,213.56,53.58,Completed,Maria G.,RMA55228,22.31,0
RET000399,ORD001303,PROD00275,2024-02-05,1,,C1 - Acceptable,823.26,0.0,Completed,Lisa M.,RMA36467,16.63,0
RET000400,ORD001527,PROD00187,2023-12-03,2,Arrived Too Late,A2 - Excellent,253.38,0.0,Exchanged,Jennifer W.,RMA21335,0.0,0
RET000401,ORD001028,PROD00473,2025-03-24,1,Not as Described,B2 - Good,641.88,0.0,Initiated,Jennifer W.,RMA73515,0.0,0
RET000402,ORD006650,PROD00211,2023-12-17,1,Ordered Wrong Item,C1 - Acceptable,806.99,0.0,Denied,Maria G.,RMA85447,0.0,0
RET000403,ORD004500,PROD00161,2024-09-02,1,Arrived Too Late,A2 - Excellent,153.16,0.0,Completed,David T.,RMA18965,0.0,1
RET000404,ORD005384,PROD00006,2023-10-26,1,Defective/Damaged,F1 - Defective,338.25,0.0,Denied,,RMA44812,17.25,0
RET000405,ORD006249,PROD00061,2023-05-12,1,Changed Mind,D2 - Damaged,122.92,0.0,Completed,John D.,RMA41043,0.0,1
RET000406,ORD002570,PROD00268,2024-06-17,1,Defective/Damaged,A2 - Excellent,926.41,202.26,Denied,Sarah L.,RMA76745,0.0,0
RET000407,ORD000626,PROD00300,2023-08-19,2,Missing Parts,A2 - Excellent,1779.0,0.0,Exchanged,Michael B.,RMA95898,17.56,0
RET000408,ORD001969,PROD00282,2025-03-31,2,Wrong Item Shipped,D1 - Poor,116.86,27.27,In Transit,Maria G.,RMA40797,21.39,0
RET000409,ORD000868,PROD00100,2024-12-20,1,Better Price Found,F1 - Defective,124.06,0.0,Completed,John D.,RMA31866,0.0,0
RET000410,ORD003408,PROD00465,2025-03-07,1,Duplicate Order,A2 - Excellent,352.16,115.05,Completed,David T.,RMA64958,0.0,1
RET000411,ORD004013,PROD00073,2024-06-21,2,Quality Issues,B1 - Very Good,620.16,0.0,Denied,Jennifer W.,RMA99098,0.0,0
RET000412,ORD005184,PROD00282,2024-06-13,1,Incompatible,F1 - Defective,116.86,0.0,Completed,James R.,RMA25326,17.01,0
RET000413,ORD001941,PROD00323,2024-08-25,3,Quality Issues,,966.34,175.6,Completed,James R.,,0.0,0
RET000414,ORD000035,PROD00381,2023-11-15,1,Changed Mind,F2 - Missing Parts,1357.99,0.0,Refunded,Patricia A.,RMA48411,0.0,0
RET000415,ORD001556,PROD00228,2024-05-12,1,Arrived Too Late,D2 - Damaged,1192.89,0.0,Exchanged,John D.,RMA43748,0.0,0
RET000416,ORD002001,PROD00210,2024-12-23,1,Not as Described,F1 - Defective,496.24,0.0,Completed,Sarah L.,RMA23086,0.0,0
RET000417,ORD000613,PROD00418,2024-07-06,1,,A1 - Like New,436.73,92.77,Completed,,RMA57780,0.0,1
RET000418,ORD007537,PROD00479,2024-02-09,1,No Longer Needed,F2 - Missing Parts,1420.6,0.0,Completed,Lisa M.,,0.0,1
RET000419,ORD002945,PROD00405,2025-02-20,1,Incompatible,A2 - Excellent,0.0,0.0,Completed,James R.,RMA33198,0.0,1
RET000420,ORD004930,PROD00166,2024-11-19,1,Missing Parts,F1 - Defective,604.83,0.0,Refunded,Lisa M.,RMA46500,9.12,0
RET000421,ORD005087,PROD00282,2023-02-06,1,Arrived Too Late,A2 - Excellent,58.43,10.6,Exchanged,John D.,,0.0,0
RET000422,ORD007421,PROD00102,2023-12-09,1,Ordered Wrong Item,A2 - Excellent,156.66,0.0,Exchanged,John D.,RMA71977,0.0,0
RET000423,ORD000414,PROD00128,2024-04-03,2,Duplicate Order,D2 - Damaged,668.28,0.0,Refunded,,RMA13713,0.0,0
RET000424,ORD005837,PROD00174,2024-10-02,1,Better Price Found,B2 - Good,696.17,178.21,Exchanged,Jennifer W.,RMA80054,0.0,0
RET000425,ORD002472,PROD00124,2023-12-01,1,Incompatible,F1 - Defective,745.48,0.0,Completed,,RMA13042,0.0,0
RET000426,ORD001399,PROD00264,2025-03-16,1,Ordered Wrong Item,F2 - Missing Parts,1197.18,0.0,Initiated,Maria G.,RMA62957,0.0,0
RET000427,ORD000285,PROD00024,2023-04-21,2,Quality Issues,B2 - Good,731.92,245.18,Denied,John D.,RMA33564,0.0,0
RET000428,ORD007939,PROD00084,2024-09-03,2,Quality Issues,C2 - Fair,1779.78,0.0,Denied,,RMA43485,0.0,0
RET000429,ORD001695,PROD00393,2025-03-09,1,,F2 - Missing Parts,18.03,0.0,Refunded,Robert S.,RMA62512,0.0,0
RET000430,ORD002702,PROD00476,2025-01-28,1,Defective/Damaged,A2 - Excellent,192.06,0.0,Exchanged,Jennifer W.,RMA19272,0.0,0
RET000431,ORD005286,PROD00072,2025-03-31,1,Arrived Too Late,D1 - Poor,229.06,0.0,In Transit,Sarah L.,RMA55919,10.7,0
RET000432,ORD006679,PROD00270,2023-12-03,1,Quality Issues,C1 - Acceptable,1061.99,0.0,Completed,Maria G.,RMA21725,12.51,0
RET000433,ORD004439,PROD00145,2023-08-08,1,Quality Issues,F2 - Missing Parts,905.3,0.0,Refunded,Robert S.,,0.0,0
RET000434,ORD002443,PROD00280,2025-01-30,1,Arrived Too Late,D1 - Poor,1253.91,0.0,Completed,Patricia A.,RMA45589,0.0,0
RET000435,ORD004737,PROD00354,2024-04-17,1,Better Price Found,F2 - Missing Parts,0.0,0.0,Exchanged,Michael B.,RMA36553,0.0,0
RET000436,ORD004377,PROD00387,2024-10-27,1,Missing Parts,B1 - Very Good,507.5,0.0,Completed,Lisa M.,RMA33540,0.0,1
RET000437,ORD004628,PROD00477,2023-10-22,2,,D1 - Poor,402.98,98.5,Exchanged,Michael B.,RMA60120,11.42,0
RET000438,ORD001396,PROD00320,2025-01-21,1,Quality Issues,C1 - Acceptable,98.07,0.0,Exchanged,Jennifer W.,RMA71022,9.82,0
RET000439,ORD001524,PROD00120,2025-02-17,1,Wrong Item Shipped,C1 - Acceptable,184.38,0.0,Completed,Robert S.,RMA56007,0.0,0
RET000440,ORD001194,PROD00201,2024-06-18,2,Defective/Damaged,F1 - Defective,1038.2,0.0,Completed,Patricia A.,RMA56019,6.3,0
RET000441,ORD005851,PROD00135,2023-10-04,1,Duplicate Order,B2 - Good,876.08,0.0,Completed,Lisa M.,RMA94896,0.0,0
RET000442,ORD003985,PROD00372,2023-06-10,1,No Longer Needed,F1 - Defective,67.29,0.0,Completed,Lisa M.,RMA45207,0.0,0
RET000443,ORD001577,PROD00365,2025-03-06,1,Defective/Damaged,A1 - Like New,766.3,99.21,Denied,Robert S.,RMA13497,0.0,0
RET000444,ORD003586,PROD00019,2023-10-31,1,Better Price Found,C2 - Fair,943.38,0.0,Completed,Jennifer W.,RMA67479,0.0,0
RET000445,ORD003688,PROD00194,2025-01-10,1,Missing Parts,D1 - Poor,213.68,0.0,Denied,James R.,RMA66704,6.68,0
RET000446,ORD002954,PROD00370,2023-09-08,1,No Longer Needed,D2 - Damaged,190.0,0.0,Completed,Lisa M.,RMA16153,0.0,0
RET000447,ORD004745,PROD00350,2025-01-05,1,Better Price Found,D1 - Poor,859.98,0.0,Exchanged,Sarah L.,RMA79896,0.0,0
RET000448,ORD003672,PROD00366,2023-10-27,1,Not as Described,A2 - Excellent,0.0,0.0,Completed,Robert S.,RMA93976,0.0,1
RET000449,ORD004265,PROD00466,2025-03-22,1,Not as Described,B1 - Very Good,658.31,138.13,Approved,Lisa M.,RMA84949,11.74,0
RET000450,ORD000207,PROD00276,2024-06-23,1,Incompatible,D2 - Damaged,916.79,135.43,Refunded,Jennifer W.,RMA85237,15.46,0
RET000451,ORD006489,PROD00079,2024-12-02,1,Ordered Wrong Item,C1 - Acceptable,80.91,0.0,Completed,Michael B.,RMA54323,9.88,0
RET000452,ORD005037,PROD00492,2024-02-24,1,Better Price Found,F2 - Missing Parts,852.14,0.0,Completed,Patricia A.,RMA41366,0.0,0
RET000453,ORD002239,PROD00380,2024-07-22,2,Missing Parts,A1 - Like New,398.0,0.0,Completed,Patricia A.,RMA29790,6.95,1
RET000454,ORD006393,PROD00123,2024-03-19,1,Changed Mind,D2 - Damaged,0.0,0.0,Refunded,Robert S.,RMA78905,0.0,0
RET000455,ORD004771,PROD00155,2024-12-16,1,Duplicate Order,B2 - Good,1230.12,0.0,Refunded,John D.,RMA44741,21.86,0
RET000456,ORD007082,PROD00137,2023-02-23,1,Changed Mind,F1 - Defective,83.25,0.0,Exchanged,Maria G.,RMA54209,0.0,0
RET000457,ORD004655,PROD00151,2024-03-25,1,Defective/Damaged,A2 - Excellent,151.88,0.0,Denied,Sarah L.,RMA11993,22.35,0
RET000458,ORD002801,PROD00366,2025-02-10,1,Changed Mind,B1 - Very Good,413.46,0.0,Completed,Lisa M.,RMA55265,20.53,1
RET000459,ORD003185,PROD00402,2024-03-28,1,Arrived Too Late,A2 - Excellent,1258.06,0.0,Completed,Sarah L.,RMA67747,19.0,1
RET000460,ORD002518,PROD00155,2023-08-12,1,No Longer Needed,,1230.12,0.0,Completed,Michael B.,RMA77443,0.0,0
RET000461,ORD003404,PROD00348,2024-12-28,2,No Longer Needed,B1 - Very Good,1990.9,356.7,Completed,James R.,RMA25320,0.0,1
RET000462,ORD003442,PROD00253,2024-07-31,1,Missing Parts,B2 - Good,689.74,0.0,Denied,,RMA24864,0.0,0
RET000463,ORD003329,PROD00225,2024-03-09,1,No Longer Needed,C1 - Acceptable,0.0,0.0,Exchanged,John D.,RMA25015,0.0,0
RET000464,ORD004802,PROD00407,2023-12-18,1,Missing Parts,A2 - Excellent,736.98,94.23,Denied,John D.,RMA43856,0.0,0
RET000465,ORD004510,PROD00187,2023-09-23,1,Duplicate Order,B2 - Good,126.69,0.0,Completed,Michael B.,RMA71603,0.0,0
RET000466,ORD000526,PROD00444,2025-01-23,1,,D1 - Poor,432.68,0.0,Denied,Patricia A.,RMA44950,0.0,0
RET000467,ORD005495,PROD00143,2024-05-16,1,Incompatible,D1 - Poor,1430.55,0.0,Completed,Lisa M.,RMA53775,24.68,0
RET000468,ORD003965,PROD00379,2025-03-19,2,No Longer Needed,,197.72,0.0,Received,Lisa M.,RMA10862,14.05,0
RET000469,ORD005633,PROD00238,2025-03-01,3,Changed Mind,C1 - Acceptable,3882.24,0.0,Exchanged,Robert S.,RMA91322,0.0,0
RET000470,ORD006868,PROD00250,2024-10-25,1,No Longer Needed,A1 - Like New,731.58,0.0,Exchanged,Lisa M.,RMA27019,0.0,0
RET000471,ORD006964,PROD00111,2024-03-08,2,Missing Parts,F1 - Defective,1084.19,244.46,Completed,Patricia A.,RMA67628,0.0,0
RET000472,ORD007261,PROD00176,2024-11-11,1,Duplicate Order,D2 - Damaged,566.43,0.0,Completed,James R.,RMA20606,0.0,1
RET000473,ORD007194,PROD00312,2023-02-22,1,Missing Parts,A2 - Excellent,574.78,59.14,Completed,John D.,RMA29512,0.0,1
RET000474,ORD004691,PROD00036,2024-07-08,1,Quality Issues,A1 - Like New,332.07,0.0,Refunded,Lisa M.,RMA85996,0.0,0
RET000475,ORD001909,PROD00301,2024-01-04,1,Better Price Found,B1 - Very Good,320.86,0.0,Completed,James R.,RMA75554,0.0,1
RET000476,ORD006608,PROD00430,2024-10-01,1,No Longer Needed,F1 - Defective,704.75,0.0,Completed,Maria G.,RMA79514,23.76,0
RET000477,ORD002256,PROD00267,2025-03-31,3,Defective/Damaged,D1 - Poor,669.29,48.28,Approved,James R.,RMA26195,0.0,0
RET000478,ORD004248,PROD00097,2024-08-23,1,Arrived Too Late,A2 - Excellent,903.8,0.0,Completed,John D.,RMA45872,7.36,1
RET000479,ORD003838,PROD00439,2024-11-04,1,Arrived Too Late,F2 - Missing Parts,0.0,0.0,Exchanged,Robert S.,RMA29151,0.0,0
RET000480,ORD006382,PROD00192,2023-06-19,1,Wrong Item Shipped,B1 - Very Good,1025.51,0.0,Refunded,Michael B.,RMA28119,0.0,0
RET000481,ORD004727,PROD00268,2023-06-30,1,Missing Parts,D1 - Poor,1158.01,0.0,Denied,Jennifer W.,RMA52436,0.0,0
RET000482,ORD004215,PROD00088,2025-03-20,1,Ordered Wrong Item,D2 - Damaged,1352.87,0.0,Initiated,Robert S.,RMA33004,0.0,0
RET000483,ORD000872,PROD00130,2023-08-06,3,Incompatible,C1 - Acceptable,1640.94,0.0,Refunded,Robert S.,RMA66447,0.0,0
RET000484,ORD001914,PROD00452,2025-02-27,1,Missing Parts,A2 - Excellent,1231.52,0.0,Refunded,Lisa M.,RMA24817,0.0,0
RET000485,ORD001317,PROD00079,2024-12-29,1,Not as Described,,64.73,15.14,Denied,,RMA70819,0.0,0
RET000486,ORD003846,PROD00485,2024-10-25,3,,F1 - Defective,58.26,0.0,Refunded,Lisa M.,RMA52988,0.0,0
RET000487,ORD006344,PROD00187,2024-02-28,3,Not as Described,C1 - Acceptable,380.07,0.0,Completed,Maria G.,RMA88639,0.0,0
RET000488,ORD007570,PROD00485,2025-03-11,1,Changed Mind,A2 - Excellent,19.42,0.0,Completed,Michael B.,RMA68133,6.68,1
RET000489,ORD000396,PROD00147,2023-08-09,1,Not as Described,C2 - Fair,438.92,150.16,Completed,Robert S.,RMA87964,0.0,0
RET000490,ORD003616,PROD00421,2024-10-20,1,Arrived Too Late,F1 - Defective,1141.94,104.67,Completed,Patricia A.,RMA65559,20.98,1
RET000491,ORD002783,PROD00330,2024-09-05,1,Duplicate Order,B1 - Very Good,223.29,0.0,Completed,Sarah L.,RMA11011,0.0,1
RET000492,ORD004711,PROD00483,2023-08-25,2,Wrong Item Shipped,B2 - Good,0.0,0.0,Completed,John D.,RMA31439,0.0,0
RET000493,ORD007102,PROD00234,2025-01-17,2,No Longer Needed,B2 - Good,2188.36,0.0,Exchanged,Sarah L.,RMA90810,0.0,0
RET000494,ORD001881,PROD00383,2023-08-05,1,Not as Described,D1 - Poor,1098.99,0.0,Completed,Jennifer W.,,7.7,0
RET000495,ORD007440,PROD00474,2024-07-23,1,Defective/Damaged,D1 - Poor,1020.4,0.0,Exchanged,Robert S.,RMA48997,0.0,0
RET000496,ORD001099,PROD00412,2023-03-17,2,Better Price Found,D2 - Damaged,1930.86,0.0,Denied,Jennifer W.,RMA45908,9.44,0
RET000497,ORD002744,PROD00447,2025-02-12,1,Quality Issues,B2 - Good,739.85,271.78,Exchanged,Lisa M.,RMA62321,22.81,0
RET000498,ORD000641,PROD00056,2023-03-01,1,Ordered Wrong Item,A2 - Excellent,443.98,0.0,Refunded,Michael B.,RMA66357,0.0,0
RET000499,ORD004781,PROD00264,2024-09-08,2,Defective/Damaged,F1 - Defective,2394.36,0.0,Completed,Patricia A.,RMA86510,0.0,0
RET000500,ORD007283,PROD00373,2024-10-02,1,Arrived Too Late,D1 - Poor,34.62,0.0,Refunded,James R.,RMA11351,0.0,0
RET000501,ORD002986,PROD00346,2024-12-31,1,No Longer Needed,A2 - Excellent,227.78,0.0,Completed,,RMA67159,0.0,1
RET000502,ORD007731,PROD00370,2024-08-20,1,,C1 - Acceptable,190.0,0.0,Completed,Jennifer W.,RMA96678,0.0,0
RET000503,ORD000226,PROD00198,2023-08-14,1,Better Price Found,B2 - Good,1286.42,0.0,Denied,Jennifer W.,RMA75078,0.0,0
RET000504,ORD005486,PROD00276,2024-12-20,1,Changed Mind,C1 - Acceptable,1145.99,0.0,Exchanged,Sarah L.,RMA92499,5.12,0
RET000505,ORD001266,PROD00444,2024-01-29,3,Arrived Too Late,D2 - Damaged,1298.04,0.0,Denied,Maria G.,,0.0,0
RET000506,ORD003640,PROD00464,2023-07-02,1,Duplicate Order,C2 - Fair,605.88,0.0,Denied,David T.,RMA48151,16.56,0
RET000507,ORD001463,PROD00157,2025-03-09,3,No Longer Needed,D1 - Poor,1027.87,126.82,Refunded,Patricia A.,RMA53495,0.0,0
RET000508,ORD002873,PROD00040,2023-11-18,3,Not as Described,F2 - Missing Parts,3288.42,0.0,Denied,Maria G.,RMA71201,0.0,0
RET000509,ORD000489,PROD00402,2023-04-18,1,Incompatible,A1 - Like New,1258.06,0.0,Refunded,,RMA56255,0.0,0
RET000510,ORD005280,PROD00060,2024-09-18,1,Duplicate Order,A1 - Like New,1363.87,0.0,Completed,,RMA68390,0.0,1
RET000511,ORD004732,PROD00016,2023-11-29,1,Wrong Item Shipped,D1 - Poor,756.2545700786013,0.0,Completed,Robert S.,RMA35270,0.0,0
RET000512,ORD003709,PROD00270,2025-03-31,2,No Longer Needed,A1 - Like New,2123.98,0.0,Approved,David T.,RMA77761,20.32,0
RET000513,ORD005647,PROD00121,2024-12-28,1,Missing Parts,A1 - Like New,998.01,0.0,Completed,Sarah L.,RMA72678,0.0,1
RET000514,ORD005368,PROD00042,2023-04-15,1,Missing Parts,B1 - Very Good,1107.85,0.0,Completed,Lisa M.,RMA23686,0.0,1
RET000515,ORD002449,PROD00161,2024-11-14,1,Incompatible,C1 - Acceptable,0.0,0.0,Exchanged,John D.,RMA13903,0.0,0
RET000516,ORD006857,PROD00298,2024-12-26,1,Not as Described,B1 - Very Good,733.9,0.0,Completed,Patricia A.,RMA18631,0.0,1
RET000517,ORD001913,PROD00085,2023-03-08,1,Changed Mind,F2 - Missing Parts,210.5,46.29,Exchanged,James R.,RMA31754,0.0,0
RET000518,ORD001907,PROD00194,2025-03-19,1,Duplicate Order,D2 - Damaged,213.68,0.0,In Transit,David T.,RMA19918,0.0,0
RET000519,ORD007959,PROD00348,2023-05-24,2,No Longer Needed,A2 - Excellent,1244.31,193.63,Completed,Patricia A.,RMA54087,0.0,1
RET000520,ORD003735,PROD00115,2023-04-06,1,Not as Described,D1 - Poor,307.48,52.33,Refunded,Lisa M.,RMA10631,0.0,0
RET000521,ORD003148,PROD00293,2024-08-09,1,Defective/Damaged,B1 - Very Good,1138.36,0.0,Completed,James R.,RMA23694,0.0,1
RET000522,ORD005000,PROD00327,2024-09-02,1,Arrived Too Late,F1 - Defective,155.83,25.0,Exchanged,John D.,RMA71958,0.0,0
RET000523,ORD005370,PROD00211,2023-06-18,1,Incompatible,B1 - Very Good,0.0,0.0,Refunded,Jennifer W.,RMA51014,21.19,0
RET000524,ORD004475,PROD00194,2023-04-02,1,Defective/Damaged,,213.68,0.0,Completed,Robert S.,RMA88306,14.13,0
RET000525,ORD003399,PROD00142,2024-03-12,2,Quality Issues,D2 - Damaged,479.67,0.0,Completed,Maria G.,RMA24611,17.39,0
RET000526,ORD000273,PROD00048,2024-04-26,1,Wrong Item Shipped,A1 - Like New,0.0,0.0,Completed,James R.,RMA37223,5.2,1
RET000527,ORD000617,PROD00167,2024-04-25,3,Incompatible,A2 - Excellent,2898.3800510830056,458.1,Exchanged,Sarah L.,RMA37426,0.0,0
RET000528,ORD007617,PROD00457,2025-01-26,1,Defective/Damaged,B2 - Good,1332.74,0.0,Completed,Lisa M.,RMA64945,0.0,0
RET000529,ORD005794,PROD00403,2023-07-17,1,Quality Issues,C2 - Fair,1132.0,0.0,Completed,David T.,RMA30010,0.0,0
RET000530,ORD004258,PROD00452,2024-03-20,1,Missing Parts,B1 - Very Good,1231.52,0.0,Denied,Robert S.,RMA46420,0.0,0
RET000531,ORD004964,PROD00344,2024-03-13,1,Quality Issues,D2 - Damaged,975.06,0.0,Exchanged,Sarah L.,RMA36006,0.0,0
RET000532,ORD004644,PROD00194,2025-03-17,1,Incompatible,F2 - Missing Parts,213.68,0.0,Received,David T.,RMA78683,0.0,0
RET000533,ORD006919,PROD00018,2025-01-28,1,Quality Issues,D1 - Poor,148.95,0.0,Refunded,James R.,RMA32684,10.05,0
RET000534,ORD005859,PROD00190,2023-10-26,1,Wrong Item Shipped,B2 - Good,401.45,112.72,Completed,Michael B.,RMA12409,11.15,0
RET000535,ORD006212,PROD00272,2023-04-01,1,Wrong Item Shipped,F1 - Defective,609.56,0.0,Refunded,Jennifer W.,RMA17657,0.0,1
RET000536,ORD001959,PROD00234,2024-08-22,3,No Longer Needed,D2 - Damaged,6336.469955897409,0.0,Exchanged,James R.,RMA13614,16.63,0
RET000537,ORD005997,PROD00395,2024-12-15,2,Defective/Damaged,F1 - Defective,3168.44,0.0,Refunded,Michael B.,RMA27126,0.0,0
RET000538,ORD007035,PROD00113,2024-02-27,1,Quality Issues,D2 - Damaged,957.66,0.0,Refunded,David T.,RMA73817,0.0,1
RET000539,ORD005914,PROD00347,2023-06-30,1,Defective/Damaged,B1 - Very Good,1211.06,0.0,Completed,James R.,RMA94648,0.0,1
RET000540,ORD003691,PROD00300,2023-08-18,1,Quality Issues,,711.6,175.27,Refunded,Lisa M.,,11.54,0
RET000541,ORD002792,PROD00250,2023-10-11,1,No Longer Needed,A2 - Excellent,585.26,86.21,Denied,Jennifer W.,RMA51295,0.0,0
RET000542,ORD005154,PROD00288,2025-03-28,1,Arrived Too Late,D2 - Damaged,357.1426178477976,46.1,Initiated,Sarah L.,RMA91998,0.0,0
RET000543,ORD000919,PROD00051,2025-02-20,1,Changed Mind,F1 - Defective,259.5,42.35,Completed,Robert S.,RMA81010,0.0,0
RET000544,ORD001181,PROD00152,2023-09-28,1,Quality Issues,F2 - Missing Parts,86.08,12.62,Exchanged,John D.,RMA98248,0.0,0
RET000545,ORD006465,PROD00441,2025-03-22,3,No Longer Needed,B1 - Very Good,1686.34,544.66,Received,Maria G.,RMA30444,9.47,0
RET000546,ORD000523,PROD00496,2024-11-29,1,No Longer Needed,B1 - Very Good,137.34,45.09,Exchanged,John D.,RMA31835,0.0,0
RET000547,ORD002187,PROD00157,2023-01-20,1,Changed Mind,B1 - Very Good,342.62,77.43,Denied,Patricia A.,RMA99600,0.0,0
RET000548,ORD006712,PROD00414,2023-12-10,1,Not as Described,,384.98,0.0,Denied,Patricia A.,RMA80929,0.0,0
RET000549,ORD002517,PROD00118,2023-06-21,1,Defective/Damaged,D2 - Damaged,585.56,112.71,Refunded,Lisa M.,RMA67956,19.17,0
RET000550,ORD002904,PROD00145,2024-10-22,1,Ordered Wrong Item,C1 - Acceptable,452.65,83.48,Refunded,Maria G.,RMA12633,24.21,0
RET000551,ORD001683,PROD00445,2024-08-30,2,Quality Issues,A1 - Like New,1711.97,246.37,Denied,James R.,RMA54160,0.0,0
RET000552,ORD000049,PROD00395,2025-03-19,2,Better Price Found,D1 - Poor,3168.44,0.0,Received,,RMA41196,0.0,0
RET000553,ORD006846,PROD00091,2025-03-27,1,Arrived Too Late,B1 - Very Good,294.08,88.95,Approved,Jennifer W.,RMA87197,0.0,0
RET000554,ORD003629,PROD00440,2025-01-13,1,Arrived Too Late,F1 - Defective,831.98,0.0,Exchanged,Sarah L.,RMA92637,0.0,0
RET000555,ORD006125,PROD00197,2024-03-09,1,Quality Issues,D1 - Poor,68.13477578733723,9.38,Completed,Lisa M.,RMA55348,0.0,0
RET000556,ORD005723,PROD00484,2024-12-10,1,No Longer Needed,C1 - Acceptable,631.18,129.82,Denied,Jennifer W.,RMA40334,0.0,0
RET000557,ORD006286,PROD00290,2025-01-18,1,Changed Mind,D2 - Damaged,100.02,0.0,Exchanged,Robert S.,RMA11587,0.0,0
RET000558,ORD003416,PROD00163,2025-03-02,1,Quality Issues,F1 - Defective,954.16,0.0,Completed,,RMA92350,0.0,0
RET000559,ORD005701,PROD00147,2024-03-24,1,Changed Mind,F1 - Defective,438.92,74.29,Exchanged,John D.,RMA72862,0.0,0
RET000560,ORD002017,PROD00112,2023-11-11,1,,A2 - Excellent,652.01,0.0,Denied,Patricia A.,RMA75496,0.0,0
RET000561,ORD002892,PROD00438,2023-06-23,1,Better Price Found,C1 - Acceptable,560.31,0.0,Refunded,Robert S.,RMA76588,0.0,0
RET000562,ORD002107,PROD00099,2024-12-01,1,Wrong Item Shipped,C2 - Fair,509.56,53.55,Completed,John D.,RMA31191,7.17,0
RET000563,ORD007270,PROD00118,2024-07-31,1,Defective/Damaged,C1 - Acceptable,585.56,43.86,Completed,David T.,RMA35662,0.0,0
RET000564,ORD001726,PROD00369,2024-07-28,1,Incompatible,A1 - Like New,655.34,0.0,Denied,James R.,RMA64953,0.0,0
RET000565,ORD005445,PROD00454,2024-09-11,1,Quality Issues,F1 - Defective,870.71,0.0,Exchanged,Robert S.,RMA13487,0.0,0
RET000566,ORD002248,PROD00067,2023-01-25,1,No Longer Needed,B2 - Good,558.6,0.0,Denied,Robert S.,,0.0,0
RET000567,ORD000793,PROD00442,2024-08-27,2,No Longer Needed,D1 - Poor,138.02,32.51,Refunded,,RMA35815,0.0,0
RET000568,ORD007904,PROD00227,2025-03-31,1,,D2 - Damaged,108.1,20.16,In Transit,Lisa M.,RMA96838,0.0,0
RET000569,ORD007278,PROD00320,2024-08-28,1,Better Price Found,F2 - Missing Parts,49.04,19.58,Denied,,RMA58090,17.02,1
RET000570,ORD005883,PROD00071,2024-10-05,1,Ordered Wrong Item,D2 - Damaged,1121.11,0.0,Denied,Jennifer W.,RMA76318,9.64,0
RET000571,ORD005243,PROD00004,2024-05-23,1,Duplicate Order,A1 - Like New,805.79,0.0,Completed,Patricia A.,RMA23382,15.72,1
RET000572,ORD001734,PROD00311,2024-10-03,1,Changed Mind,C1 - Acceptable,185.54,54.48,Completed,Maria G.,RMA68268,0.0,0
RET000573,ORD007259,PROD00403,2023-02-03,1,Ordered Wrong Item,C2 - Fair,566.0,175.07,Refunded,Maria G.,RMA52369,0.0,0
RET000574,ORD001095,PROD00098,2023-07-04,2,Quality Issues,A1 - Like New,1902.56,404.64,Completed,David T.,RMA10656,9.08,1
RET000575,ORD002157,PROD00339,2023-05-05,1,Ordered Wrong Item,B1 - Very Good,0.0,0.0,Completed,Michael B.,RMA84619,0.0,1
RET000576,ORD004112,PROD00413,2025-02-20,1,Arrived Too Late,C1 - Acceptable,374.05,0.0,Completed,Sarah L.,RMA90887,0.0,0
RET000577,ORD006622,PROD00369,2025-02-26,1,Arrived Too Late,,655.34,0.0,Denied,David T.,RMA95409,0.0,0
RET000578,ORD000616,PROD00330,2024-10-27,1,Ordered Wrong Item,C2 - Fair,223.29,0.0,Completed,,RMA39679,0.0,0
RET000579,ORD006523,PROD00415,2025-03-31,1,Incompatible,F2 - Missing Parts,1155.83,0.0,Received,Lisa M.,RMA91126,0.0,0
RET000580,ORD005911,PROD00373,2025-03-14,1,Defective/Damaged,D2 - Damaged,34.62,0.0,Completed,Sarah L.,RMA17022,13.57,0
RET000581,ORD005244,PROD00094,2023-02-16,1,Quality Issues,A1 - Like New,72.05,0.0,Denied,Lisa M.,RMA49424,0.0,0
RET000582,ORD003250,PROD00293,2024-08-20,1,Defective/Damaged,A1 - Like New,1138.36,0.0,Exchanged,Lisa M.,RMA56229,0.0,0
RET000583,ORD003333,PROD00248,2024-07-02,2,Incompatible,F1 - Defective,569.29,178.95,Completed,Maria G.,RMA57012,0.0,0
RET000584,ORD006373,PROD00184,2024-10-06,1,Not as Described,C2 - Fair,1561.35,0.0,Denied,Jennifer W.,RMA62943,0.0,0
RET000585,ORD007741,PROD00026,2024-09-12,1,Wrong Item Shipped,B1 - Very Good,1090.22,135.74,Refunded,David T.,RMA88925,0.0,0
RET000586,ORD001172,PROD00481,2024-06-02,1,Arrived Too Late,F2 - Missing Parts,1218.74,0.0,Completed,Patricia A.,RMA82480,21.46,0
RET000587,ORD005386,PROD00442,2024-12-20,1,,,138.02,0.0,Completed,Robert S.,RMA91908,0.0,0
RET000588,ORD003494,PROD00359,2024-02-16,2,Duplicate Order,,823.68,319.08,Refunded,David T.,RMA38764,0.0,0
RET000589,ORD001773,PROD00307,2025-03-17,1,,F2 - Missing Parts,573.08,0.0,Approved,Maria G.,RMA95169,0.0,1
RET000590,ORD003127,PROD00387,2023-09-01,1,Ordered Wrong Item,D2 - Damaged,507.5,0.0,Denied,Patricia A.,RMA86522,8.88,0
RET000591,ORD006389,PROD00083,2025-03-23,1,Better Price Found,D2 - Damaged,794.03,0.0,Approved,Patricia A.,RMA32809,0.0,0
RET000592,ORD004179,PROD00189,2023-05-02,1,Duplicate Order,D2 - Damaged,629.64,0.0,Exchanged,James R.,RMA99311,0.0,0
RET000593,ORD007749,PROD00193,2023-10-20,1,Duplicate Order,A2 - Excellent,646.87,0.0,Completed,,RMA82798,0.0,1
RET000594,ORD004188,PROD00039,2025-03-09,1,Changed Mind,D1 - Poor,814.55,0.0,Denied,John D.,RMA94869,0.0,0
RET000595,ORD002329,PROD00075,2024-05-02,1,Better Price Found,,1023.81,0.0,Completed,Patricia A.,RMA16648,19.76,1
RET000596,ORD007631,PROD00025,2024-08-12,1,Defective/Damaged,A2 - Excellent,882.56,98.44,Completed,Michael B.,RMA23916,0.0,1
RET000597,ORD002943,PROD00278,2024-07-30,2,Missing Parts,D1 - Poor,346.61,42.66,Exchanged,James R.,RMA74009,0.0,0
RET000598,ORD007313,PROD00348,2024-09-16,1,No Longer Needed,D1 - Poor,0.0,0.0,Refunded,,RMA22942,0.0,0
RET000599,ORD002925,PROD00246,2024-11-27,1,Duplicate Order,B1 - Very Good,1355.68,0.0,Denied,Robert S.,RMA49762,0.0,0
RET000600,ORD000760,PROD00157,2024-06-11,1,Quality Issues,D1 - Poor,428.28,0.0,Denied,Lisa M.,RMA51349,0.0,0
RET000601,ORD001168,PROD00390,2025-03-31,1,Duplicate Order,D1 - Poor,298.24,0.0,Received,Jennifer W.,RMA23709,23.65,0
RET000602,ORD000638,PROD00330,2023-02-18,1,Duplicate Order,F1 - Defective,223.29,0.0,Denied,Patricia A.,RMA73935,0.0,0
RET000603,ORD005158,PROD00459,2024-12-14,1,Duplicate Order,D1 - Poor,61.63,0.0,Refunded,James R.,RMA83800,12.44,0
RET000604,ORD001486,PROD00403,2023-05-26,2,Duplicate Order,B2 - Good,2264.0,0.0,Denied,Patricia A.,RMA21333,13.62,0
RET000605,ORD007333,PROD00002,2025-01-29,1,Ordered Wrong Item,C1 - Acceptable,953.59,205.89,Completed,Sarah L.,RMA25245,22.22,0
RET000606,ORD002421,PROD00399,2024-08-11,2,Duplicate Order,F2 - Missing Parts,640.0,0.0,Exchanged,Lisa M.,RMA70717,0.0,0
RET000607,ORD003978,PROD00274,2024-11-10,1,Incompatible,B1 - Very Good,963.44,0.0,Exchanged,John D.,RMA60574,0.0,0
RET000608,ORD003841,PROD00460,2024-10-27,3,Not as Described,D1 - Poor,3905.46,0.0,Exchanged,David T.,RMA97073,12.55,0
RET000609,ORD004262,PROD00236,2023-04-17,1,Better Price Found,D1 - Poor,653.26,159.15,Completed,David T.,RMA45446,0.0,0
RET000610,ORD005268,PROD00350,2025-02-09,2,Ordered Wrong Item,B2 - Good,859.98,343.68,Completed,David T.,RMA54734,16.01,0
RET000611,ORD005581,PROD00275,2024-09-16,1,Duplicate Order,D2 - Damaged,823.26,0.0,Completed,Lisa M.,RMA74018,0.0,0
RET000612,ORD006467,PROD00241,2024-01-25,1,Quality Issues,C1 - Acceptable,1638.42,0.0,Denied,James R.,RMA20968,0.0,0
RET000613,ORD007051,PROD00071,2024-01-05,1,Wrong Item Shipped,D2 - Damaged,1121.11,0.0,Denied,John D.,RMA54136,0.0,0
RET000614,ORD006563,PROD00342,2024-05-25,1,Duplicate Order,F1 - Defective,356.31828003258227,0.0,Completed,Sarah L.,RMA11809,24.05,0
RET000615,ORD006923,PROD00469,2023-07-28,1,Ordered Wrong Item,B1 - Very Good,1267.2,0.0,Completed,Maria G.,RMA96627,0.0,1
RET000616,ORD002003,PROD00149,2024-10-13,1,No Longer Needed,D2 - Damaged,624.25,101.56,Refunded,Michael B.,RMA71903,0.0,0
RET000617,ORD005834,PROD00241,2023-10-05,1,No Longer Needed,C2 - Fair,1638.42,0.0,Refunded,James R.,RMA26207,0.0,0
RET000618,ORD003598,PROD00016,2024-09-17,1,Missing Parts,C1 - Acceptable,324.73,21.37,Exchanged,John D.,RMA30594,0.0,0
RET000619,ORD007860,PROD00262,2024-10-27,1,,B1 - Very Good,50.8,0.0,Completed,Patricia A.,RMA38584,0.0,1
